-- phpMyAdmin SQL Dump
-- version 4.9.2
-- https://www.phpmyadmin.net/
--
-- Host: 127.0.0.1
-- Generation Time: Feb 16, 2021 at 03:20 PM
-- Server version: 10.4.10-MariaDB
-- PHP Version: 7.1.33

SET SQL_MODE = "NO_AUTO_VALUE_ON_ZERO";
SET AUTOCOMMIT = 0;
START TRANSACTION;
SET time_zone = "+00:00";


/*!40101 SET @OLD_CHARACTER_SET_CLIENT=@@CHARACTER_SET_CLIENT */;
/*!40101 SET @OLD_CHARACTER_SET_RESULTS=@@CHARACTER_SET_RESULTS */;
/*!40101 SET @OLD_COLLATION_CONNECTION=@@COLLATION_CONNECTION */;
/*!40101 SET NAMES utf8mb4 */;

--
-- Database: `genetik`
--

-- --------------------------------------------------------

--
-- Table structure for table `courses`
--

CREATE TABLE `courses` (
  `id` int(10) UNSIGNED NOT NULL,
  `prodi_id` int(11) UNSIGNED NOT NULL,
  `code_courses` varchar(255) COLLATE utf8_unicode_ci NOT NULL,
  `name` varchar(255) COLLATE utf8_unicode_ci NOT NULL,
  `sks` varchar(255) COLLATE utf8_unicode_ci NOT NULL,
  `semester` varchar(255) COLLATE utf8_unicode_ci NOT NULL,
  `type` varchar(255) COLLATE utf8_unicode_ci NOT NULL,
  `created_at` timestamp NULL DEFAULT NULL,
  `updated_at` timestamp NULL DEFAULT NULL
) ENGINE=InnoDB DEFAULT CHARSET=utf8 COLLATE=utf8_unicode_ci;

--
-- Dumping data for table `courses`
--

INSERT INTO `courses` (`id`, `prodi_id`, `code_courses`, `name`, `sks`, `semester`, `type`, `created_at`, `updated_at`) VALUES
(67, 22, '11', 'Jaringan Komputer', '3', 'Genap', 'Teori', '2021-02-10 15:08:49', '2021-02-11 01:57:10'),
(68, 23, '8878', 'Aljabar Linier', '3', 'Ganjil', 'Teori', '2021-02-10 19:16:36', '2021-02-10 19:16:36'),
(69, 23, '110', 'Matriks dan Ruang Vektor', '3', 'Genap', 'Teori', '2021-02-11 01:57:53', '2021-02-11 01:57:53'),
(70, 23, '112', 'Struktur Data', '3', 'Genap', 'Teori', '2021-02-11 01:58:18', '2021-02-11 01:58:18'),
(71, 23, '113', 'Pendidikan Bahasa Inggris 1', '3', 'Genap', 'Teori', '2021-02-11 01:59:32', '2021-02-11 01:59:32'),
(72, 23, '114', 'Sistem Basis Data', '3', 'Genap', 'Teori', '2021-02-11 01:59:59', '2021-02-11 01:59:59'),
(73, 23, '115', 'Praktikum Sistem Basis Data', '1', 'Genap', 'Praktikum', '2021-02-11 02:00:39', '2021-02-11 02:00:39'),
(74, 23, '116', 'Dasar Penulisan Ilmiah', '3', 'Genap', 'Teori', '2021-02-11 02:02:05', '2021-02-11 02:02:05'),
(75, 23, '117', 'Organisasi dan Arsitektur Komputer', '3', 'Genap', 'Teori', '2021-02-11 02:03:45', '2021-02-11 02:03:45'),
(76, 24, '119', 'Pendidikan Agama', '3', 'Genap', 'Teori', '2021-02-11 02:25:50', '2021-02-11 02:25:50'),
(77, 24, '1110', 'Sistem Operasi', '3', 'Genap', 'Teori', '2021-02-11 02:26:24', '2021-02-11 02:26:24'),
(78, 24, '1112', 'Pengantar Proses Bisnis', '3', 'Genap', 'Teori', '2021-02-11 02:27:33', '2021-02-11 02:27:33'),
(79, 24, '1113', 'Teknopreneurship', '3', 'Genap', 'Teori', '2021-02-11 02:28:10', '2021-02-11 02:28:10'),
(80, 30, '1114', 'Perpetaan', '3', 'Genap', 'Teori', '2021-02-11 02:29:14', '2021-02-11 02:29:14'),
(81, 30, '1115', 'Pengantar Ekonomi', '3', 'Genap', 'Teori', '2021-02-11 02:29:59', '2021-02-11 02:29:59'),
(82, 30, '1116', 'Pancasila', '3', 'Genap', 'Teori', '2021-02-11 02:30:53', '2021-02-11 02:30:53'),
(83, 30, '1117', 'Studio GIS', '3', 'Genap', 'Teori', '2021-02-11 02:31:34', '2021-02-11 02:31:34'),
(84, 27, '1118', 'Fisika - 2', '3', 'Genap', 'Teori', '2021-02-11 02:45:53', '2021-02-11 02:45:53'),
(85, 31, '838983', 'Ecommerce', '3', 'Genap', 'Teori', '2021-02-11 03:02:17', '2021-02-11 03:02:17'),
(86, 31, '253638', 'Elearning', '3', 'Genap', 'Teori', '2021-02-11 03:02:52', '2021-02-11 03:02:52'),
(87, 31, '7848', 'Etika Profesi', '3', 'Genap', 'Teori', '2021-02-11 03:03:15', '2021-02-11 03:03:15'),
(88, 31, '63718', 'Metode Penelitian', '3', 'Genap', 'Teori', '2021-02-11 03:03:50', '2021-02-11 03:03:50'),
(89, 32, '7849', 'Bisnis Manajemen', '3', 'Genap', 'Teori', '2021-02-11 03:51:55', '2021-02-11 03:51:55'),
(90, 32, '6367', 'Bisnis Magister', '3', 'Genap', 'Teori', '2021-02-11 04:05:26', '2021-02-11 04:05:26');

-- --------------------------------------------------------

--
-- Table structure for table `days`
--

CREATE TABLE `days` (
  `id` int(10) UNSIGNED NOT NULL,
  `code_days` varchar(255) COLLATE utf8_unicode_ci NOT NULL,
  `name_day` varchar(255) COLLATE utf8_unicode_ci NOT NULL,
  `created_at` timestamp NULL DEFAULT NULL,
  `updated_at` timestamp NULL DEFAULT NULL
) ENGINE=InnoDB DEFAULT CHARSET=utf8 COLLATE=utf8_unicode_ci;

--
-- Dumping data for table `days`
--

INSERT INTO `days` (`id`, `code_days`, `name_day`, `created_at`, `updated_at`) VALUES
(4, '6', 'Sabtu', '2016-11-04 01:32:47', '2016-11-04 01:32:47'),
(5, '5', 'Jumat', '2016-11-04 01:32:54', '2016-11-04 01:32:54'),
(6, '4', 'Kamis', '2016-11-04 01:33:10', '2016-11-04 01:33:10'),
(7, '3', 'Rabu', '2016-11-04 01:33:22', '2016-11-04 01:33:22'),
(8, '2', 'Selasa', '2016-11-04 01:33:32', '2016-11-04 01:33:32'),
(9, '1', 'Senin', '2016-11-04 01:33:45', '2016-11-04 01:33:45');

-- --------------------------------------------------------

--
-- Table structure for table `jadwal_fix`
--

CREATE TABLE `jadwal_fix` (
  `id` int(11) NOT NULL,
  `guru` varchar(255) NOT NULL,
  `matkul` varchar(255) NOT NULL,
  `kelas` varchar(255) NOT NULL,
  `tahun` varchar(255) NOT NULL,
  `semester` varchar(255) NOT NULL,
  `jam` varchar(255) NOT NULL,
  `hari` varchar(255) NOT NULL,
  `sks` int(11) NOT NULL,
  `created_at` timestamp NULL DEFAULT NULL,
  `updated_at` timestamp NULL DEFAULT NULL
) ENGINE=InnoDB DEFAULT CHARSET=utf8mb4;

-- --------------------------------------------------------

--
-- Table structure for table `ketersediaan`
--

CREATE TABLE `ketersediaan` (
  `id` int(11) NOT NULL,
  `courses_id` int(11) UNSIGNED DEFAULT NULL,
  `lecturers_id` int(11) UNSIGNED DEFAULT NULL,
  `type_class` varchar(255) NOT NULL,
  `year` varchar(255) NOT NULL,
  `hari` varchar(255) NOT NULL,
  `jam` varchar(255) NOT NULL,
  `prodi` varchar(255) NOT NULL,
  `status` enum('0','1') NOT NULL,
  `created_at` timestamp NULL DEFAULT NULL,
  `updated_at` timestamp NULL DEFAULT NULL
) ENGINE=InnoDB DEFAULT CHARSET=utf8mb4;

--
-- Dumping data for table `ketersediaan`
--

INSERT INTO `ketersediaan` (`id`, `courses_id`, `lecturers_id`, `type_class`, `year`, `hari`, `jam`, `prodi`, `status`, `created_at`, `updated_at`) VALUES
(19, 1886253535, 38, '', '2020-2021', '', '', '14', '0', '2021-02-10 14:57:16', '2021-02-10 14:57:16'),
(20, 311942382, 38, 'Kelas B1', '2020-2021', '', '', '22', '0', '2021-02-10 15:10:56', '2021-02-10 15:10:56'),
(21, 289425911, 38, '', '2021-2022', '', '', '22', '0', '2021-02-10 18:29:48', '2021-02-10 18:29:48'),
(22, 1118687282, 39, 'Kelas B1', '2020-2021', '', '', '23', '0', '2021-02-10 19:17:38', '2021-02-10 19:17:38'),
(23, 1252396627, 42, '', '2020-2021', '', '', '23', '0', '2021-02-11 02:54:11', '2021-02-11 02:54:11'),
(24, 1664863182, 43, '', '2020-2021', '', '', '31', '0', '2021-02-11 03:06:39', '2021-02-11 03:06:39'),
(25, 1942447315, 44, 'Kelas A2', '2020-2021', '', '', '32', '0', '2021-02-11 03:53:43', '2021-02-11 03:53:43'),
(26, 1833862580, 44, '', '2020-2021', '', '', '31', '0', '2021-02-11 03:54:26', '2021-02-11 03:54:26'),
(27, 724913280, 44, '', '2020-2021', '', '', '32', '0', '2021-02-11 04:06:34', '2021-02-11 04:06:34'),
(28, 1201397515, 47, '', '2020-2021', '', '', '31', '0', '2021-02-11 04:57:57', '2021-02-11 04:57:57');

-- --------------------------------------------------------

--
-- Table structure for table `lecturers`
--

CREATE TABLE `lecturers` (
  `id` int(10) UNSIGNED NOT NULL,
  `code_lecturers` varchar(255) COLLATE utf8_unicode_ci NOT NULL,
  `nidn` varchar(255) COLLATE utf8_unicode_ci NOT NULL,
  `name` varchar(255) COLLATE utf8_unicode_ci NOT NULL,
  `email` varchar(255) COLLATE utf8_unicode_ci NOT NULL,
  `created_at` timestamp NULL DEFAULT NULL,
  `updated_at` timestamp NULL DEFAULT NULL
) ENGINE=InnoDB DEFAULT CHARSET=utf8 COLLATE=utf8_unicode_ci;

--
-- Dumping data for table `lecturers`
--

INSERT INTO `lecturers` (`id`, `code_lecturers`, `nidn`, `name`, `email`, `created_at`, `updated_at`) VALUES
(38, '1111', '119092039101923', 'Nuke L Chusna Ssi, MKom', 'nukenuke@unkris.ac.id', '2021-02-10 14:26:20', '2021-02-10 14:26:20'),
(39, '19', '009911', 'Ali Khumaidi M,kom', 'alikhumaidi@unkris.ac.id', '2021-02-10 19:12:47', '2021-02-10 19:12:47'),
(41, '199902039', '192383910', 'Dr Harjono P Putro, ST, MKom', 'harjonopputro@unkris.ac.id', '2021-02-11 02:10:23', '2021-02-11 02:10:23'),
(42, '8391739', '7348294', 'Nur Hikmah, ST, M.Kom', 'nurhikmah.nasha@gmail.com', '2021-02-11 02:10:57', '2021-02-11 02:10:57'),
(43, '1412368', '1265762348', 'Moch Fachri, ST, MT', 'mochfachri@gmail.com', '2021-02-11 03:01:06', '2021-02-11 03:01:06'),
(44, '634782138', '84983857', 'Naufal', 'naufal@gmail.com', '2021-02-11 03:48:02', '2021-02-11 03:48:02'),
(45, '52436', '23789439', 'Naufall', 'naufall@gmail.com', '2021-02-11 04:03:34', '2021-02-11 04:03:34'),
(46, '64783', '6478129', 'apiv ', 'avip@gmail.com', '2021-02-11 04:43:48', '2021-02-11 04:43:48'),
(47, '63743847', '7632487', 'wargijono', 'wargi@gmail.com', '2021-02-11 04:56:45', '2021-02-11 04:56:45'),
(48, '764328', '76342', 'azis', 'azis@gmail.com', '2021-02-11 05:00:01', '2021-02-11 05:00:01');

-- --------------------------------------------------------

--
-- Table structure for table `migrations`
--

CREATE TABLE `migrations` (
  `id` int(10) UNSIGNED NOT NULL,
  `migration` varchar(255) COLLATE utf8_unicode_ci NOT NULL,
  `batch` int(11) NOT NULL
) ENGINE=InnoDB DEFAULT CHARSET=utf8 COLLATE=utf8_unicode_ci;

--
-- Dumping data for table `migrations`
--

INSERT INTO `migrations` (`id`, `migration`, `batch`) VALUES
(1, '2014_10_12_000000_create_users_table', 1),
(2, '2016_10_16_035803_create_table_days', 1),
(3, '2016_10_16_035947_create_table_times', 1),
(4, '2016_10_16_040158_create_table_courses', 1),
(5, '2016_10_16_040428_create_table_rooms', 1),
(6, '2016_10_16_040546_create_table_lecturers', 1),
(7, '2016_10_16_040751_create_table_teachs', 1),
(8, '2016_10_16_041413_create_table_time_not_available', 1),
(9, '2016_10_20_064457_create_table_schedule', 1),
(10, '2016_11_02_045834_create_table_timedays', 2),
(11, '2016_11_02_172054_change_code_times_to_string', 3),
(12, '2016_11_02_173210_change_all_code_to_string', 4),
(13, '2016_11_07_232938_add_type_in_schedule', 5),
(14, '2016_11_08_171340_add_sks_in_table_time', 6),
(15, '2016_11_09_131133_add_value_in_table_schedule', 7),
(16, '2016_11_15_202728_add_proses_value_in_table_schedule', 8),
(17, '2021_01_01_122719_create_prodi_table', 9);

-- --------------------------------------------------------

--
-- Table structure for table `module_hari`
--

CREATE TABLE `module_hari` (
  `hari_id` int(11) NOT NULL,
  `fk_ketersedian` varchar(25) NOT NULL,
  `nama_hari` varchar(25) NOT NULL
) ENGINE=InnoDB DEFAULT CHARSET=utf8mb4;

--
-- Dumping data for table `module_hari`
--

INSERT INTO `module_hari` (`hari_id`, `fk_ketersedian`, `nama_hari`) VALUES
(14, '1886253535', 'Senin'),
(15, '1886253535', 'Senin'),
(16, '1886253535', 'Senin'),
(17, '311942382', 'Senin'),
(18, '469998509', 'Senin'),
(19, '1643593757', 'Senin'),
(20, '110740290', 'Senin'),
(21, '1881326236', 'Senin'),
(22, '1779051198', 'Senin'),
(23, '1779051198', 'Selasa'),
(24, '1653221313', 'Senin'),
(25, '1653221313', 'Selasa'),
(26, '1802669461', 'Senin'),
(27, '1802669461', 'Selasa'),
(28, '182470159', 'Senin'),
(29, '182470159', 'Rabu'),
(30, '1120178053', 'Kamis'),
(31, '623213181', 'Senin'),
(32, '289425911', 'Senin'),
(33, '1118687282', 'Senin'),
(34, '1252396627', 'Kamis'),
(35, '1252396627', 'Rabu'),
(36, '1252396627', 'Senin'),
(37, '1252396627', 'Jumat'),
(38, '1664863182', 'Senin'),
(39, '1664863182', 'Selasa'),
(40, '1664863182', 'Rabu'),
(41, '1664863182', 'Kamis'),
(42, '1942447315', 'Senin'),
(43, '1833862580', 'Selasa'),
(44, '724913280', 'Senin'),
(45, '724913280', 'Selasa'),
(46, '1201397515', 'Senin'),
(47, '1201397515', 'Selasa'),
(48, '1201397515', 'Rabu'),
(49, '1201397515', 'Kamis');

-- --------------------------------------------------------

--
-- Table structure for table `module_jam`
--

CREATE TABLE `module_jam` (
  `jam_id` int(11) NOT NULL,
  `fk_ketersedian` varchar(25) NOT NULL,
  `jam` varchar(25) NOT NULL
) ENGINE=InnoDB DEFAULT CHARSET=utf8mb4;

--
-- Dumping data for table `module_jam`
--

INSERT INTO `module_jam` (`jam_id`, `fk_ketersedian`, `jam`) VALUES
(20, '1886253535', '08.00'),
(21, '1886253535', '08.00'),
(22, '1886253535', '08.00'),
(23, '311942382', '08.00'),
(24, '469998509', '08.00'),
(25, '1643593757', '08.00'),
(26, '110740290', '08.00'),
(27, '1881326236', '08.00'),
(28, '1779051198', '08.00'),
(29, '1779051198', '08.00'),
(30, '1653221313', '08.00'),
(31, '1653221313', '08.00'),
(32, '1802669461', '08.00'),
(33, '1802669461', '08.00'),
(34, '182470159', '10.00'),
(35, '182470159', '15.00'),
(36, '1120178053', '10.00'),
(37, '623213181', '15.00'),
(38, '289425911', '15.00'),
(39, '1118687282', '08.00'),
(40, '1252396627', '08.00'),
(41, '1252396627', '08.00'),
(42, '1252396627', '08.00'),
(43, '1252396627', '08.00'),
(44, '1664863182', '08.00'),
(45, '1664863182', '10.00'),
(46, '1664863182', '13.00'),
(47, '1664863182', '15.00'),
(48, '1942447315', '08.00'),
(49, '1833862580', '10.00'),
(50, '724913280', '08.00'),
(51, '724913280', '10.00'),
(52, '1201397515', '08.00'),
(53, '1201397515', '10.00'),
(54, '1201397515', '13.00'),
(55, '1201397515', '15.00');

-- --------------------------------------------------------

--
-- Table structure for table `module_ketersedian`
--

CREATE TABLE `module_ketersedian` (
  `id_ketersedian` int(10) NOT NULL,
  `fk_ketersedian` int(10) NOT NULL,
  `course_id` int(10) NOT NULL,
  `check_id` int(2) NOT NULL DEFAULT 0
) ENGINE=InnoDB DEFAULT CHARSET=utf8mb4;

--
-- Dumping data for table `module_ketersedian`
--

INSERT INTO `module_ketersedian` (`id_ketersedian`, `fk_ketersedian`, `course_id`, `check_id`) VALUES
(47, 1886253535, 64, 0),
(48, 1886253535, 65, 0),
(49, 1886253535, 66, 0),
(50, 311942382, 67, 0),
(51, 469998509, 67, 0),
(52, 1643593757, 67, 0),
(53, 110740290, 67, 0),
(54, 1881326236, 67, 0),
(55, 1779051198, 67, 0),
(56, 1779051198, 67, 0),
(57, 1653221313, 67, 0),
(58, 1653221313, 67, 0),
(59, 1802669461, 67, 0),
(60, 1802669461, 67, 0),
(61, 182470159, 67, 0),
(62, 182470159, 67, 0),
(63, 311942382, 67, 0),
(64, 623213181, 67, 0),
(65, 289425911, 67, 0),
(66, 1118687282, 68, 0),
(67, 1252396627, 68, 0),
(68, 1252396627, 73, 0),
(69, 1252396627, 71, 0),
(70, 1252396627, 74, 0),
(71, 1664863182, 85, 0),
(72, 1664863182, 86, 0),
(73, 1664863182, 87, 0),
(74, 1664863182, 88, 0),
(75, 1942447315, 89, 0),
(76, 1833862580, 85, 0),
(77, 724913280, 89, 0),
(78, 724913280, 90, 0),
(79, 1201397515, 85, 0),
(80, 1201397515, 86, 0),
(81, 1201397515, 87, 0),
(82, 1201397515, 88, 0);

-- --------------------------------------------------------

--
-- Table structure for table `prodi`
--

CREATE TABLE `prodi` (
  `id` bigint(20) UNSIGNED NOT NULL,
  `kode_kapro` int(15) NOT NULL,
  `nama_prodi` varchar(255) COLLATE utf8_unicode_ci NOT NULL,
  `email_kaprodi` varchar(25) COLLATE utf8_unicode_ci NOT NULL,
  `nidn` int(25) NOT NULL,
  `nama_kapordi` varchar(25) COLLATE utf8_unicode_ci NOT NULL,
  `created_at` timestamp NULL DEFAULT NULL,
  `updated_at` timestamp NULL DEFAULT NULL
) ENGINE=InnoDB DEFAULT CHARSET=utf8 COLLATE=utf8_unicode_ci;

--
-- Dumping data for table `prodi`
--

INSERT INTO `prodi` (`id`, `kode_kapro`, `nama_prodi`, `email_kaprodi`, `nidn`, `nama_kapordi`, `created_at`, `updated_at`) VALUES
(24, 1670231010, 'Sistem Informasi', 'prodisi@unkris.ac.id', 789988980, 'Nur Azis', '2021-02-11 02:05:56', '2021-02-11 02:05:56'),
(25, 1738297, 'Teknik Mesin', 'prodimesin@gmail.com', 83929038, 'Prodi Mesin', '2021-02-11 02:16:39', '2021-02-11 02:16:39'),
(26, 747284700, 'Teknik Arsitektur', 'prodiarsitektur@gmail.com', 2147483647, 'Prodi Arsitektur', '2021-02-11 02:18:05', '2021-02-11 02:18:05'),
(27, 8494622, 'Teknik Elektro', 'prodielektro@gmail.com', 4583948, 'Prodi Elektro', '2021-02-11 02:19:10', '2021-02-11 02:19:10'),
(28, 452524634, 'Teknik Industri', 'prodiindustri@gmail.com', 63535252, 'Prodi Industri', '2021-02-11 02:21:34', '2021-02-11 02:21:34'),
(29, 763487623, 'Teknik Sipil', 'prodisipil@gmail.com', 746582736, 'Prodi Sipil', '2021-02-11 02:22:35', '2021-02-11 02:22:35'),
(30, 12312488, 'Teknik PWK', 'prodipwk@gmail.com', 478235723, 'Prodi PWK', '2021-02-11 02:24:57', '2021-02-11 02:24:57'),
(31, 887328, 'Teknik Informatika', 'prodiit@gmail.com', 1783837, 'Nuke L Chusna Ssi, MKom', '2021-02-11 02:58:03', '2021-02-11 02:58:03'),
(32, 1245, 'Teknik Magister', 'jeni@gmail.com', 5367, 'Jeni', '2021-02-11 03:50:57', '2021-02-11 03:50:57');

-- --------------------------------------------------------

--
-- Table structure for table `rooms`
--

CREATE TABLE `rooms` (
  `id` int(10) UNSIGNED NOT NULL,
  `code_rooms` varchar(255) COLLATE utf8_unicode_ci NOT NULL,
  `name` varchar(255) COLLATE utf8_unicode_ci NOT NULL,
  `capacity` varchar(255) COLLATE utf8_unicode_ci NOT NULL,
  `type` varchar(255) COLLATE utf8_unicode_ci NOT NULL,
  `created_at` timestamp NULL DEFAULT NULL,
  `updated_at` timestamp NULL DEFAULT NULL
) ENGINE=InnoDB DEFAULT CHARSET=utf8 COLLATE=utf8_unicode_ci;

--
-- Dumping data for table `rooms`
--

INSERT INTO `rooms` (`id`, `code_rooms`, `name`, `capacity`, `type`, `created_at`, `updated_at`) VALUES
(7, '04', '204/1', '40', 'Teori', '2016-11-04 03:00:20', '2016-11-04 03:00:20'),
(8, '05', '408/1', '50', 'Teori', '2016-11-04 03:00:48', '2016-11-04 03:00:48'),
(9, '06', '406/1', '50', 'Teori', '2016-11-04 03:01:26', '2016-11-04 03:01:26'),
(10, '07', '412/1', '30', 'Teori', '2016-11-04 03:01:57', '2021-02-11 02:45:08'),
(11, '08', '401/4 ', '30', 'Teori', '2016-11-04 03:02:26', '2016-11-04 03:02:26'),
(12, '09', '302/1', '40', 'Teori', '2016-11-04 03:05:52', '2021-02-11 02:44:33'),
(13, '011', '301/1', '40', 'Teori', '2016-11-04 03:06:26', '2021-02-11 02:44:05'),
(14, '012', '212/1', '46', 'Teori', '2016-11-04 03:07:04', '2021-02-11 02:43:46'),
(15, '013', '308/3 ', '30', 'Teori', '2016-11-04 03:07:33', '2016-11-04 03:07:33'),
(16, '014', '407/3', '30', 'Teori', '2016-11-04 03:08:10', '2016-11-04 03:08:10'),
(17, '015', '403/3', '30', 'Teori', '2016-11-04 03:08:43', '2016-11-04 03:08:43'),
(18, '016', '210/2', '35', 'Teori', '2016-11-04 03:09:53', '2021-02-11 02:43:24'),
(19, '017', '209/3', '35', 'Teori', '2016-11-04 03:10:12', '2021-02-11 02:43:01'),
(20, '018', '208', '42', 'Teori', '2016-11-04 03:10:44', '2021-02-11 02:42:40'),
(21, '019', '207', '40', 'Teori', '2016-11-04 03:14:19', '2021-02-11 02:42:23'),
(22, '020', '211/3', '36', 'Teori', '2016-11-04 03:14:50', '2016-11-04 03:14:50'),
(23, '021', '202/4', '35', 'Teori', '2016-11-04 03:15:24', '2021-02-11 02:39:48'),
(24, '022', '206/3', '30', 'Teori', '2016-11-04 03:16:14', '2016-11-04 03:16:14'),
(25, '023', '405/4', '36', 'Teori', '2016-11-04 03:19:39', '2016-11-04 03:19:39'),
(26, '024', '206', '35', 'Teori', '2016-11-04 03:20:03', '2021-02-11 02:42:04'),
(27, '025', '203/2', '40', 'Teori', '2016-11-04 03:20:37', '2021-02-11 02:40:10'),
(28, '026', '205', '30', 'Teori', '2016-11-04 03:22:29', '2021-02-11 02:41:43'),
(29, '027', '204', '30', 'Teori', '2016-11-04 03:23:15', '2021-02-11 02:41:27'),
(30, '028', '203', '30', 'Teori', '2016-11-04 03:23:52', '2021-02-11 02:41:14'),
(31, '029', '202', '30', 'Teori', '2016-11-04 03:24:26', '2021-02-11 02:40:54');

-- --------------------------------------------------------

--
-- Table structure for table `schedules`
--

CREATE TABLE `schedules` (
  `id` int(10) UNSIGNED NOT NULL,
  `teachs_id` int(10) UNSIGNED NOT NULL,
  `days_id` int(10) UNSIGNED NOT NULL,
  `times_id` int(10) UNSIGNED NOT NULL,
  `rooms_id` int(10) UNSIGNED NOT NULL,
  `type` int(10) DEFAULT NULL,
  `value` double(8,2) DEFAULT NULL,
  `value_process` varchar(255) COLLATE utf8_unicode_ci DEFAULT NULL,
  `created_at` timestamp NULL DEFAULT NULL,
  `updated_at` timestamp NULL DEFAULT NULL
) ENGINE=InnoDB DEFAULT CHARSET=utf8 COLLATE=utf8_unicode_ci;

--
-- Dumping data for table `schedules`
--

INSERT INTO `schedules` (`id`, `teachs_id`, `days_id`, `times_id`, `rooms_id`, `type`, `value`, `value_process`, `created_at`, `updated_at`) VALUES
(1, 154, 7, 33, 13, 1, 2.00, ' + 1 + 1', '2021-02-11 05:35:01', '2021-02-11 05:36:23'),
(2, 154, 7, 15, 21, 1, 2.00, ' + 1 + 1', '2021-02-11 05:35:01', '2021-02-11 05:36:23'),
(3, 153, 9, 22, 30, 1, 2.00, ' + 1 + 1', '2021-02-11 05:35:01', '2021-02-11 05:36:23'),
(4, 153, 4, 15, 29, 1, 2.00, ' + 1 + 1', '2021-02-11 05:35:01', '2021-02-11 05:36:23'),
(5, 154, 7, 30, 24, 1, 2.00, ' + 1 + 1', '2021-02-11 05:35:01', '2021-02-11 05:36:23'),
(6, 153, 8, 22, 8, 1, 2.00, ' + 1 + 1', '2021-02-11 05:35:01', '2021-02-11 05:36:23'),
(7, 153, 9, 27, 31, 1, 2.00, ' + 1 + 1', '2021-02-11 05:35:01', '2021-02-11 05:36:23'),
(8, 153, 5, 33, 11, 1, 2.00, ' + 1 + 1', '2021-02-11 05:35:01', '2021-02-11 05:36:23'),
(9, 154, 8, 28, 8, 1, 2.00, ' + 1 + 1', '2021-02-11 05:35:01', '2021-02-11 05:36:23'),
(10, 154, 5, 15, 7, 1, 2.00, ' + 1 + 1', '2021-02-11 05:35:01', '2021-02-11 05:36:23'),
(11, 154, 6, 15, 31, 1, 2.00, ' + 1 + 1', '2021-02-11 05:35:01', '2021-02-11 05:36:23'),
(12, 154, 5, 15, 16, 1, 2.00, ' + 1 + 1', '2021-02-11 05:35:01', '2021-02-11 05:36:23'),
(13, 153, 7, 27, 30, 1, 2.00, ' + 1 + 1', '2021-02-11 05:35:01', '2021-02-11 05:36:23'),
(14, 153, 9, 28, 7, 1, 2.00, ' + 1 + 1', '2021-02-11 05:35:01', '2021-02-11 05:36:23'),
(15, 153, 9, 32, 29, 1, 2.00, ' + 1 + 1', '2021-02-11 05:35:01', '2021-02-11 05:36:23'),
(16, 153, 8, 27, 29, 1, 2.00, ' + 1 + 1', '2021-02-11 05:35:01', '2021-02-11 05:36:23'),
(17, 154, 6, 26, 9, 1, 2.00, ' + 1 + 1', '2021-02-11 05:35:01', '2021-02-11 05:36:23'),
(18, 154, 6, 22, 19, 1, 2.00, ' + 1 + 1', '2021-02-11 05:35:01', '2021-02-11 05:36:23'),
(19, 153, 4, 27, 29, 1, 2.00, ' + 1 + 1', '2021-02-11 05:35:01', '2021-02-11 05:36:23'),
(20, 153, 8, 30, 17, 2, 1.00, ' + 1', '2021-02-11 05:35:01', '2021-02-11 05:36:08'),
(21, 153, 9, 28, 23, 2, 1.00, ' + 1', '2021-02-11 05:35:01', '2021-02-11 05:36:08'),
(22, 154, 5, 26, 26, 2, 1.00, ' + 1', '2021-02-11 05:35:01', '2021-02-11 05:36:08'),
(23, 154, 4, 22, 16, 2, 1.00, ' + 1', '2021-02-11 05:35:01', '2021-02-11 05:36:08'),
(24, 154, 8, 26, 21, 2, 1.00, ' + 1', '2021-02-11 05:35:01', '2021-02-11 05:36:08'),
(25, 153, 4, 28, 27, 2, 1.00, ' + 1', '2021-02-11 05:35:01', '2021-02-11 05:36:08'),
(26, 154, 7, 26, 15, 2, 1.00, ' + 1', '2021-02-11 05:35:01', '2021-02-11 05:36:08'),
(27, 153, 6, 30, 26, 2, 1.00, ' + 1', '2021-02-11 05:35:01', '2021-02-11 05:36:08'),
(28, 154, 7, 33, 8, 2, 1.00, ' + 1', '2021-02-11 05:35:01', '2021-02-11 05:36:08'),
(29, 153, 9, 28, 13, 2, 1.00, ' + 1', '2021-02-11 05:35:01', '2021-02-11 05:36:08'),
(30, 153, 8, 22, 16, 2, 1.00, ' + 1', '2021-02-11 05:35:01', '2021-02-11 05:36:08'),
(31, 154, 5, 15, 27, 2, 1.00, ' + 1', '2021-02-11 05:35:01', '2021-02-11 05:36:08'),
(32, 154, 8, 33, 14, 2, 1.00, ' + 1', '2021-02-11 05:35:01', '2021-02-11 05:36:08'),
(33, 154, 9, 28, 24, 2, 1.00, ' + 1', '2021-02-11 05:35:01', '2021-02-11 05:36:08'),
(34, 153, 9, 15, 21, 2, 1.00, ' + 1', '2021-02-11 05:35:01', '2021-02-11 05:36:08'),
(35, 154, 8, 32, 28, 2, 1.00, ' + 1', '2021-02-11 05:35:01', '2021-02-11 05:36:08'),
(36, 153, 7, 15, 27, 2, 1.00, ' + 1', '2021-02-11 05:35:01', '2021-02-11 05:36:08'),
(37, 153, 8, 32, 13, 2, 1.00, ' + 1', '2021-02-11 05:35:01', '2021-02-11 05:36:08'),
(38, 154, 4, 27, 10, 2, 1.00, ' + 1', '2021-02-11 05:35:01', '2021-02-11 05:36:09'),
(39, 154, 9, 15, 22, 3, 4.00, ' + 2 + 1 + 1', '2021-02-11 05:35:01', '2021-02-11 05:36:25'),
(40, 153, 4, 22, 24, 3, 4.00, ' + 2 + 1 + 1', '2021-02-11 05:35:01', '2021-02-11 05:36:25'),
(41, 153, 7, 27, 14, 3, 4.00, ' + 2 + 1 + 1', '2021-02-11 05:35:01', '2021-02-11 05:36:25'),
(42, 154, 4, 33, 9, 3, 4.00, ' + 2 + 1 + 1', '2021-02-11 05:35:01', '2021-02-11 05:36:25'),
(43, 154, 6, 28, 18, 3, 4.00, ' + 2 + 1 + 1', '2021-02-11 05:35:01', '2021-02-11 05:36:25'),
(44, 154, 4, 30, 26, 3, 4.00, ' + 2 + 1 + 1', '2021-02-11 05:35:01', '2021-02-11 05:36:25'),
(45, 154, 5, 28, 25, 3, 4.00, ' + 2 + 1 + 1', '2021-02-11 05:35:01', '2021-02-11 05:36:25'),
(46, 153, 8, 26, 13, 3, 4.00, ' + 2 + 1 + 1', '2021-02-11 05:35:01', '2021-02-11 05:36:25'),
(47, 154, 4, 28, 15, 3, 4.00, ' + 2 + 1 + 1', '2021-02-11 05:35:01', '2021-02-11 05:36:25'),
(48, 153, 5, 27, 14, 3, 4.00, ' + 2 + 1 + 1', '2021-02-11 05:35:01', '2021-02-11 05:36:25'),
(49, 153, 9, 15, 8, 3, 4.00, ' + 2 + 1 + 1', '2021-02-11 05:35:01', '2021-02-11 05:36:25'),
(50, 154, 4, 32, 9, 3, 4.00, ' + 2 + 1 + 1', '2021-02-11 05:35:02', '2021-02-11 05:36:25'),
(51, 154, 6, 27, 29, 3, 4.00, ' + 2 + 1 + 1', '2021-02-11 05:35:02', '2021-02-11 05:36:25'),
(52, 153, 5, 27, 23, 3, 4.00, ' + 2 + 1 + 1', '2021-02-11 05:35:02', '2021-02-11 05:36:25'),
(53, 154, 5, 26, 10, 3, 4.00, ' + 2 + 1 + 1', '2021-02-11 05:35:02', '2021-02-11 05:36:25'),
(54, 154, 8, 22, 10, 3, 4.00, ' + 2 + 1 + 1', '2021-02-11 05:35:02', '2021-02-11 05:36:25'),
(55, 153, 5, 27, 13, 3, 4.00, ' + 2 + 1 + 1', '2021-02-11 05:35:02', '2021-02-11 05:36:25'),
(56, 153, 4, 28, 28, 3, 4.00, ' + 2 + 1 + 1', '2021-02-11 05:35:02', '2021-02-11 05:36:25'),
(57, 153, 7, 22, 14, 3, 4.00, ' + 2 + 1 + 1', '2021-02-11 05:35:02', '2021-02-11 05:36:25'),
(58, 154, 7, 26, 14, 4, 4.00, ' + 1 + 1 + 1 + 1', '2021-02-11 05:35:02', '2021-02-11 05:36:27'),
(59, 154, 9, 32, 7, 4, 4.00, ' + 1 + 1 + 1 + 1', '2021-02-11 05:35:02', '2021-02-11 05:36:27'),
(60, 153, 8, 22, 10, 4, 4.00, ' + 1 + 1 + 1 + 1', '2021-02-11 05:35:02', '2021-02-11 05:36:27'),
(61, 154, 7, 27, 25, 4, 4.00, ' + 1 + 1 + 1 + 1', '2021-02-11 05:35:02', '2021-02-11 05:36:27'),
(62, 154, 9, 32, 14, 4, 4.00, ' + 1 + 1 + 1 + 1', '2021-02-11 05:35:02', '2021-02-11 05:36:27'),
(63, 154, 7, 33, 21, 4, 4.00, ' + 1 + 1 + 1 + 1', '2021-02-11 05:35:02', '2021-02-11 05:36:27'),
(64, 154, 8, 26, 25, 4, 4.00, ' + 1 + 1 + 1 + 1', '2021-02-11 05:35:02', '2021-02-11 05:36:27'),
(65, 154, 8, 15, 23, 4, 4.00, ' + 1 + 1 + 1 + 1', '2021-02-11 05:35:02', '2021-02-11 05:36:27'),
(66, 154, 6, 22, 30, 4, 4.00, ' + 1 + 1 + 1 + 1', '2021-02-11 05:35:02', '2021-02-11 05:36:27'),
(67, 154, 6, 33, 28, 4, 4.00, ' + 1 + 1 + 1 + 1', '2021-02-11 05:35:02', '2021-02-11 05:36:27'),
(68, 154, 5, 22, 24, 4, 4.00, ' + 1 + 1 + 1 + 1', '2021-02-11 05:35:02', '2021-02-11 05:36:27'),
(69, 154, 7, 33, 21, 4, 4.00, ' + 1 + 1 + 1 + 1', '2021-02-11 05:35:02', '2021-02-11 05:36:27'),
(70, 154, 8, 26, 9, 4, 4.00, ' + 1 + 1 + 1 + 1', '2021-02-11 05:35:02', '2021-02-11 05:36:27'),
(71, 153, 9, 26, 24, 4, 4.00, ' + 1 + 1 + 1 + 1', '2021-02-11 05:35:02', '2021-02-11 05:36:27'),
(72, 153, 6, 22, 14, 4, 4.00, ' + 1 + 1 + 1 + 1', '2021-02-11 05:35:02', '2021-02-11 05:36:27'),
(73, 153, 9, 30, 31, 4, 4.00, ' + 1 + 1 + 1 + 1', '2021-02-11 05:35:02', '2021-02-11 05:36:27'),
(74, 154, 9, 28, 21, 4, 4.00, ' + 1 + 1 + 1 + 1', '2021-02-11 05:35:02', '2021-02-11 05:36:27'),
(75, 153, 6, 27, 30, 4, 4.00, ' + 1 + 1 + 1 + 1', '2021-02-11 05:35:02', '2021-02-11 05:36:27'),
(76, 154, 4, 30, 13, 4, 4.00, ' + 1 + 1 + 1 + 1', '2021-02-11 05:35:02', '2021-02-11 05:36:27'),
(77, 154, 6, 33, 22, 5, NULL, NULL, '2021-02-11 05:35:02', '2021-02-11 05:35:02'),
(78, 153, 9, 27, 11, 5, NULL, NULL, '2021-02-11 05:35:02', '2021-02-11 05:35:02'),
(79, 154, 5, 32, 16, 5, NULL, NULL, '2021-02-11 05:35:02', '2021-02-11 05:35:02'),
(80, 154, 6, 32, 16, 5, NULL, NULL, '2021-02-11 05:35:02', '2021-02-11 05:35:02'),
(81, 153, 9, 33, 29, 5, NULL, NULL, '2021-02-11 05:35:02', '2021-02-11 05:35:02'),
(82, 153, 7, 28, 26, 5, NULL, NULL, '2021-02-11 05:35:02', '2021-02-11 05:35:02'),
(83, 153, 9, 15, 8, 5, NULL, NULL, '2021-02-11 05:35:02', '2021-02-11 05:35:02'),
(84, 153, 7, 22, 28, 5, NULL, NULL, '2021-02-11 05:35:02', '2021-02-11 05:35:02'),
(85, 153, 8, 32, 9, 5, NULL, NULL, '2021-02-11 05:35:02', '2021-02-11 05:35:02'),
(86, 154, 6, 26, 19, 5, NULL, NULL, '2021-02-11 05:35:02', '2021-02-11 05:35:02'),
(87, 153, 6, 26, 26, 5, NULL, NULL, '2021-02-11 05:35:02', '2021-02-11 05:35:02'),
(88, 153, 6, 32, 19, 5, NULL, NULL, '2021-02-11 05:35:02', '2021-02-11 05:35:02'),
(89, 153, 4, 27, 25, 5, NULL, NULL, '2021-02-11 05:35:02', '2021-02-11 05:35:02'),
(90, 153, 5, 30, 27, 5, NULL, NULL, '2021-02-11 05:35:02', '2021-02-11 05:35:02'),
(91, 154, 9, 27, 28, 5, NULL, NULL, '2021-02-11 05:35:02', '2021-02-11 05:35:02'),
(92, 154, 9, 28, 9, 5, NULL, NULL, '2021-02-11 05:35:02', '2021-02-11 05:35:02'),
(93, 154, 8, 30, 18, 5, NULL, NULL, '2021-02-11 05:35:02', '2021-02-11 05:35:02'),
(94, 153, 8, 27, 30, 5, NULL, NULL, '2021-02-11 05:35:02', '2021-02-11 05:35:02'),
(95, 153, 4, 26, 13, 5, NULL, NULL, '2021-02-11 05:35:02', '2021-02-11 05:35:02'),
(96, 153, 7, 22, 19, 6, 2.00, ' + 1 + 1', '2021-02-11 05:35:02', '2021-02-11 05:36:13'),
(97, 153, 6, 26, 23, 6, 2.00, ' + 1 + 1', '2021-02-11 05:35:02', '2021-02-11 05:36:13'),
(98, 154, 5, 30, 30, 6, 2.00, ' + 1 + 1', '2021-02-11 05:35:02', '2021-02-11 05:36:13'),
(99, 153, 9, 33, 28, 6, 2.00, ' + 1 + 1', '2021-02-11 05:35:02', '2021-02-11 05:36:13'),
(100, 154, 5, 30, 12, 6, 2.00, ' + 1 + 1', '2021-02-11 05:35:02', '2021-02-11 05:36:13'),
(101, 153, 5, 30, 26, 6, 2.00, ' + 1 + 1', '2021-02-11 05:35:02', '2021-02-11 05:36:13'),
(102, 154, 6, 26, 14, 6, 2.00, ' + 1 + 1', '2021-02-11 05:35:02', '2021-02-11 05:36:13'),
(103, 153, 9, 15, 8, 6, 2.00, ' + 1 + 1', '2021-02-11 05:35:02', '2021-02-11 05:36:13'),
(104, 154, 4, 26, 29, 6, 2.00, ' + 1 + 1', '2021-02-11 05:35:02', '2021-02-11 05:36:13'),
(105, 154, 7, 22, 12, 6, 2.00, ' + 1 + 1', '2021-02-11 05:35:03', '2021-02-11 05:36:13'),
(106, 154, 4, 28, 16, 6, 2.00, ' + 1 + 1', '2021-02-11 05:35:03', '2021-02-11 05:36:13'),
(107, 154, 9, 22, 9, 6, 2.00, ' + 1 + 1', '2021-02-11 05:35:03', '2021-02-11 05:36:13'),
(108, 154, 5, 33, 9, 6, 2.00, ' + 1 + 1', '2021-02-11 05:35:03', '2021-02-11 05:36:13'),
(109, 153, 5, 26, 17, 6, 2.00, ' + 1 + 1', '2021-02-11 05:35:03', '2021-02-11 05:36:13'),
(110, 153, 5, 28, 13, 6, 2.00, ' + 1 + 1', '2021-02-11 05:35:03', '2021-02-11 05:36:13'),
(111, 153, 5, 26, 11, 6, 2.00, ' + 1 + 1', '2021-02-11 05:35:03', '2021-02-11 05:36:13'),
(112, 153, 9, 30, 22, 6, 2.00, ' + 1 + 1', '2021-02-11 05:35:03', '2021-02-11 05:36:13'),
(113, 153, 8, 32, 26, 6, 2.00, ' + 1 + 1', '2021-02-11 05:35:03', '2021-02-11 05:36:13'),
(114, 153, 9, 22, 25, 6, 2.00, ' + 1 + 1', '2021-02-11 05:35:03', '2021-02-11 05:36:13'),
(115, 153, 6, 27, 29, 7, 6.00, ' + 1 + 1 + 1 + 1 + 1 + 1', '2021-02-11 05:35:03', '2021-02-11 05:36:26'),
(116, 154, 5, 15, 24, 7, 6.00, ' + 1 + 1 + 1 + 1 + 1 + 1', '2021-02-11 05:35:03', '2021-02-11 05:36:26'),
(117, 154, 5, 28, 24, 7, 6.00, ' + 1 + 1 + 1 + 1 + 1 + 1', '2021-02-11 05:35:03', '2021-02-11 05:36:26'),
(118, 153, 6, 26, 27, 7, 6.00, ' + 1 + 1 + 1 + 1 + 1 + 1', '2021-02-11 05:35:03', '2021-02-11 05:36:26'),
(119, 153, 6, 30, 8, 7, 6.00, ' + 1 + 1 + 1 + 1 + 1 + 1', '2021-02-11 05:35:03', '2021-02-11 05:36:26'),
(120, 154, 4, 27, 26, 7, 6.00, ' + 1 + 1 + 1 + 1 + 1 + 1', '2021-02-11 05:35:03', '2021-02-11 05:36:26'),
(121, 153, 7, 22, 13, 7, 6.00, ' + 1 + 1 + 1 + 1 + 1 + 1', '2021-02-11 05:35:03', '2021-02-11 05:36:26'),
(122, 153, 6, 33, 8, 7, 6.00, ' + 1 + 1 + 1 + 1 + 1 + 1', '2021-02-11 05:35:03', '2021-02-11 05:36:26'),
(123, 153, 5, 15, 11, 7, 6.00, ' + 1 + 1 + 1 + 1 + 1 + 1', '2021-02-11 05:35:03', '2021-02-11 05:36:26'),
(124, 154, 9, 15, 19, 7, 6.00, ' + 1 + 1 + 1 + 1 + 1 + 1', '2021-02-11 05:35:03', '2021-02-11 05:36:26'),
(125, 153, 7, 33, 25, 7, 6.00, ' + 1 + 1 + 1 + 1 + 1 + 1', '2021-02-11 05:35:03', '2021-02-11 05:36:26'),
(126, 154, 4, 32, 26, 7, 6.00, ' + 1 + 1 + 1 + 1 + 1 + 1', '2021-02-11 05:35:03', '2021-02-11 05:36:26'),
(127, 154, 7, 33, 14, 7, 6.00, ' + 1 + 1 + 1 + 1 + 1 + 1', '2021-02-11 05:35:03', '2021-02-11 05:36:26'),
(128, 153, 7, 33, 16, 7, 6.00, ' + 1 + 1 + 1 + 1 + 1 + 1', '2021-02-11 05:35:03', '2021-02-11 05:36:26'),
(129, 154, 7, 15, 25, 7, 6.00, ' + 1 + 1 + 1 + 1 + 1 + 1', '2021-02-11 05:35:03', '2021-02-11 05:36:26'),
(130, 154, 7, 33, 24, 7, 6.00, ' + 1 + 1 + 1 + 1 + 1 + 1', '2021-02-11 05:35:03', '2021-02-11 05:36:26'),
(131, 154, 6, 33, 7, 7, 6.00, ' + 1 + 1 + 1 + 1 + 1 + 1', '2021-02-11 05:35:03', '2021-02-11 05:36:26'),
(132, 154, 5, 15, 16, 7, 6.00, ' + 1 + 1 + 1 + 1 + 1 + 1', '2021-02-11 05:35:03', '2021-02-11 05:36:26'),
(133, 154, 8, 15, 10, 7, 6.00, ' + 1 + 1 + 1 + 1 + 1 + 1', '2021-02-11 05:35:03', '2021-02-11 05:36:26'),
(134, 154, 4, 15, 17, 8, 6.00, ' + 1 + 1 + 1 + 1 + 1 + 1', '2021-02-11 05:35:03', '2021-02-11 05:36:32'),
(135, 153, 6, 15, 16, 8, 6.00, ' + 1 + 1 + 1 + 1 + 1 + 1', '2021-02-11 05:35:03', '2021-02-11 05:36:32'),
(136, 153, 5, 26, 16, 8, 6.00, ' + 1 + 1 + 1 + 1 + 1 + 1', '2021-02-11 05:35:03', '2021-02-11 05:36:32'),
(137, 154, 9, 30, 12, 8, 6.00, ' + 1 + 1 + 1 + 1 + 1 + 1', '2021-02-11 05:35:03', '2021-02-11 05:36:32'),
(138, 154, 7, 30, 26, 8, 6.00, ' + 1 + 1 + 1 + 1 + 1 + 1', '2021-02-11 05:35:03', '2021-02-11 05:36:32'),
(139, 154, 5, 28, 16, 8, 6.00, ' + 1 + 1 + 1 + 1 + 1 + 1', '2021-02-11 05:35:03', '2021-02-11 05:36:32'),
(140, 153, 4, 22, 8, 8, 6.00, ' + 1 + 1 + 1 + 1 + 1 + 1', '2021-02-11 05:35:03', '2021-02-11 05:36:32'),
(141, 153, 6, 15, 16, 8, 6.00, ' + 1 + 1 + 1 + 1 + 1 + 1', '2021-02-11 05:35:03', '2021-02-11 05:36:32'),
(142, 153, 5, 32, 22, 8, 6.00, ' + 1 + 1 + 1 + 1 + 1 + 1', '2021-02-11 05:35:03', '2021-02-11 05:36:32'),
(143, 154, 5, 26, 19, 8, 6.00, ' + 1 + 1 + 1 + 1 + 1 + 1', '2021-02-11 05:35:03', '2021-02-11 05:36:32'),
(144, 153, 7, 27, 9, 8, 6.00, ' + 1 + 1 + 1 + 1 + 1 + 1', '2021-02-11 05:35:03', '2021-02-11 05:36:32'),
(145, 154, 6, 15, 27, 8, 6.00, ' + 1 + 1 + 1 + 1 + 1 + 1', '2021-02-11 05:35:03', '2021-02-11 05:36:32'),
(146, 153, 8, 28, 9, 8, 6.00, ' + 1 + 1 + 1 + 1 + 1 + 1', '2021-02-11 05:35:03', '2021-02-11 05:36:32'),
(147, 153, 7, 30, 26, 8, 6.00, ' + 1 + 1 + 1 + 1 + 1 + 1', '2021-02-11 05:35:03', '2021-02-11 05:36:32'),
(148, 154, 6, 32, 24, 8, 6.00, ' + 1 + 1 + 1 + 1 + 1 + 1', '2021-02-11 05:35:03', '2021-02-11 05:36:32'),
(149, 153, 8, 28, 26, 8, 6.00, ' + 1 + 1 + 1 + 1 + 1 + 1', '2021-02-11 05:35:03', '2021-02-11 05:36:32'),
(150, 153, 9, 30, 12, 8, 6.00, ' + 1 + 1 + 1 + 1 + 1 + 1', '2021-02-11 05:35:03', '2021-02-11 05:36:32'),
(151, 153, 5, 22, 13, 8, 6.00, ' + 1 + 1 + 1 + 1 + 1 + 1', '2021-02-11 05:35:03', '2021-02-11 05:36:32'),
(152, 154, 8, 26, 23, 8, 6.00, ' + 1 + 1 + 1 + 1 + 1 + 1', '2021-02-11 05:35:03', '2021-02-11 05:36:32'),
(153, 154, 6, 27, 12, 9, 2.00, ' + 1 + 1', '2021-02-11 05:35:03', '2021-02-11 05:36:27'),
(154, 153, 4, 30, 15, 9, 2.00, ' + 1 + 1', '2021-02-11 05:35:03', '2021-02-11 05:36:27'),
(155, 153, 6, 15, 30, 9, 2.00, ' + 1 + 1', '2021-02-11 05:35:03', '2021-02-11 05:36:27'),
(156, 153, 7, 33, 14, 9, 2.00, ' + 1 + 1', '2021-02-11 05:35:03', '2021-02-11 05:36:27'),
(157, 154, 7, 26, 21, 9, 2.00, ' + 1 + 1', '2021-02-11 05:35:03', '2021-02-11 05:36:27'),
(158, 154, 7, 27, 12, 9, 2.00, ' + 1 + 1', '2021-02-11 05:35:03', '2021-02-11 05:36:27'),
(159, 153, 9, 32, 7, 9, 2.00, ' + 1 + 1', '2021-02-11 05:35:03', '2021-02-11 05:36:27'),
(160, 153, 8, 26, 12, 9, 2.00, ' + 1 + 1', '2021-02-11 05:35:04', '2021-02-11 05:36:27'),
(161, 154, 5, 33, 24, 9, 2.00, ' + 1 + 1', '2021-02-11 05:35:04', '2021-02-11 05:36:27'),
(162, 154, 7, 32, 29, 9, 2.00, ' + 1 + 1', '2021-02-11 05:35:04', '2021-02-11 05:36:27'),
(163, 154, 4, 15, 7, 9, 2.00, ' + 1 + 1', '2021-02-11 05:35:04', '2021-02-11 05:36:27'),
(164, 154, 5, 27, 23, 9, 2.00, ' + 1 + 1', '2021-02-11 05:35:04', '2021-02-11 05:36:27'),
(165, 154, 7, 33, 12, 9, 2.00, ' + 1 + 1', '2021-02-11 05:35:04', '2021-02-11 05:36:27'),
(166, 154, 7, 15, 30, 9, 2.00, ' + 1 + 1', '2021-02-11 05:35:04', '2021-02-11 05:36:27'),
(167, 153, 4, 26, 23, 9, 2.00, ' + 1 + 1', '2021-02-11 05:35:04', '2021-02-11 05:36:27'),
(168, 153, 4, 32, 17, 9, 2.00, ' + 1 + 1', '2021-02-11 05:35:04', '2021-02-11 05:36:27'),
(169, 153, 4, 32, 31, 9, 2.00, ' + 1 + 1', '2021-02-11 05:35:04', '2021-02-11 05:36:27'),
(170, 153, 9, 26, 24, 9, 2.00, ' + 1 + 1', '2021-02-11 05:35:04', '2021-02-11 05:36:27'),
(171, 154, 4, 26, 10, 9, 2.00, ' + 1 + 1', '2021-02-11 05:35:04', '2021-02-11 05:36:27'),
(172, 154, 5, 26, 9, 10, 1.00, ' + 1', '2021-02-11 05:35:04', '2021-02-11 05:36:22'),
(173, 154, 7, 27, 10, 10, 1.00, ' + 1', '2021-02-11 05:35:04', '2021-02-11 05:36:22'),
(174, 153, 6, 22, 29, 10, 1.00, ' + 1', '2021-02-11 05:35:04', '2021-02-11 05:36:22'),
(175, 153, 7, 28, 29, 10, 1.00, ' + 1', '2021-02-11 05:35:04', '2021-02-11 05:36:22'),
(176, 154, 6, 15, 21, 10, 1.00, ' + 1', '2021-02-11 05:35:04', '2021-02-11 05:36:22'),
(177, 154, 7, 30, 18, 10, 1.00, ' + 1', '2021-02-11 05:35:04', '2021-02-11 05:36:22'),
(178, 154, 9, 32, 16, 10, 1.00, ' + 1', '2021-02-11 05:35:04', '2021-02-11 05:36:22'),
(179, 153, 4, 22, 26, 10, 1.00, ' + 1', '2021-02-11 05:35:04', '2021-02-11 05:36:22'),
(180, 153, 6, 30, 16, 10, 1.00, ' + 1', '2021-02-11 05:35:04', '2021-02-11 05:36:22'),
(181, 154, 9, 32, 26, 10, 1.00, ' + 1', '2021-02-11 05:35:04', '2021-02-11 05:36:22'),
(182, 154, 5, 30, 31, 10, 1.00, ' + 1', '2021-02-11 05:35:04', '2021-02-11 05:36:22'),
(183, 153, 4, 30, 28, 10, 1.00, ' + 1', '2021-02-11 05:35:04', '2021-02-11 05:36:22'),
(184, 153, 5, 27, 27, 10, 1.00, ' + 1', '2021-02-11 05:35:04', '2021-02-11 05:36:22'),
(185, 153, 9, 30, 9, 10, 1.00, ' + 1', '2021-02-11 05:35:04', '2021-02-11 05:36:22'),
(186, 154, 6, 32, 18, 10, 1.00, ' + 1', '2021-02-11 05:35:04', '2021-02-11 05:36:22'),
(187, 153, 4, 27, 30, 10, 1.00, ' + 1', '2021-02-11 05:35:04', '2021-02-11 05:36:22'),
(188, 153, 4, 15, 17, 10, 1.00, ' + 1', '2021-02-11 05:35:04', '2021-02-11 05:36:22'),
(189, 154, 7, 15, 28, 10, 1.00, ' + 1', '2021-02-11 05:35:04', '2021-02-11 05:36:22'),
(190, 153, 5, 28, 8, 10, 1.00, ' + 1', '2021-02-11 05:35:04', '2021-02-11 05:36:22'),
(191, 153, 5, 30, 22, 11, 2.00, ' + 1 + 1', '2021-02-11 05:35:04', '2021-02-11 05:36:24'),
(192, 153, 6, 30, 25, 11, 2.00, ' + 1 + 1', '2021-02-11 05:35:04', '2021-02-11 05:36:24'),
(193, 153, 7, 28, 29, 11, 2.00, ' + 1 + 1', '2021-02-11 05:35:04', '2021-02-11 05:36:24'),
(194, 153, 8, 26, 28, 11, 2.00, ' + 1 + 1', '2021-02-11 05:35:04', '2021-02-11 05:36:24'),
(195, 154, 8, 26, 24, 11, 2.00, ' + 1 + 1', '2021-02-11 05:35:04', '2021-02-11 05:36:24'),
(196, 153, 6, 33, 25, 11, 2.00, ' + 1 + 1', '2021-02-11 05:35:04', '2021-02-11 05:36:24'),
(197, 154, 6, 28, 31, 11, 2.00, ' + 1 + 1', '2021-02-11 05:35:04', '2021-02-11 05:36:24'),
(198, 153, 4, 15, 7, 11, 2.00, ' + 1 + 1', '2021-02-11 05:35:04', '2021-02-11 05:36:24'),
(199, 154, 9, 26, 21, 11, 2.00, ' + 1 + 1', '2021-02-11 05:35:04', '2021-02-11 05:36:24'),
(200, 154, 9, 28, 16, 11, 2.00, ' + 1 + 1', '2021-02-11 05:35:04', '2021-02-11 05:36:24'),
(201, 154, 9, 33, 26, 11, 2.00, ' + 1 + 1', '2021-02-11 05:35:04', '2021-02-11 05:36:24'),
(202, 153, 9, 15, 19, 11, 2.00, ' + 1 + 1', '2021-02-11 05:35:04', '2021-02-11 05:36:24'),
(203, 153, 5, 22, 12, 11, 2.00, ' + 1 + 1', '2021-02-11 05:35:04', '2021-02-11 05:36:24'),
(204, 154, 8, 33, 9, 11, 2.00, ' + 1 + 1', '2021-02-11 05:35:04', '2021-02-11 05:36:24'),
(205, 153, 9, 27, 27, 11, 2.00, ' + 1 + 1', '2021-02-11 05:35:04', '2021-02-11 05:36:24'),
(206, 153, 5, 33, 11, 11, 2.00, ' + 1 + 1', '2021-02-11 05:35:04', '2021-02-11 05:36:24'),
(207, 154, 4, 15, 8, 11, 2.00, ' + 1 + 1', '2021-02-11 05:35:04', '2021-02-11 05:36:24'),
(208, 154, 9, 26, 11, 11, 2.00, ' + 1 + 1', '2021-02-11 05:35:04', '2021-02-11 05:36:24'),
(209, 154, 6, 26, 27, 11, 2.00, ' + 1 + 1', '2021-02-11 05:35:04', '2021-02-11 05:36:24'),
(210, 154, 5, 30, 8, 12, 2.00, ' + 1 + 1', '2021-02-11 05:35:04', '2021-02-11 05:36:27'),
(211, 154, 5, 22, 15, 12, 2.00, ' + 1 + 1', '2021-02-11 05:35:04', '2021-02-11 05:36:27'),
(212, 154, 6, 15, 11, 12, 2.00, ' + 1 + 1', '2021-02-11 05:35:04', '2021-02-11 05:36:27'),
(213, 153, 5, 27, 16, 12, 2.00, ' + 1 + 1', '2021-02-11 05:35:04', '2021-02-11 05:36:27'),
(214, 154, 8, 30, 23, 12, 2.00, ' + 1 + 1', '2021-02-11 05:35:04', '2021-02-11 05:36:27'),
(215, 154, 5, 33, 24, 12, 2.00, ' + 1 + 1', '2021-02-11 05:35:04', '2021-02-11 05:36:27'),
(216, 154, 8, 32, 10, 12, 2.00, ' + 1 + 1', '2021-02-11 05:35:04', '2021-02-11 05:36:27'),
(217, 154, 7, 15, 24, 12, 2.00, ' + 1 + 1', '2021-02-11 05:35:05', '2021-02-11 05:36:27'),
(218, 153, 6, 15, 17, 12, 2.00, ' + 1 + 1', '2021-02-11 05:35:05', '2021-02-11 05:36:27'),
(219, 153, 6, 22, 30, 12, 2.00, ' + 1 + 1', '2021-02-11 05:35:05', '2021-02-11 05:36:27'),
(220, 154, 7, 28, 25, 12, 2.00, ' + 1 + 1', '2021-02-11 05:35:05', '2021-02-11 05:36:27'),
(221, 153, 6, 28, 10, 12, 2.00, ' + 1 + 1', '2021-02-11 05:35:05', '2021-02-11 05:36:27'),
(222, 153, 5, 22, 23, 12, 2.00, ' + 1 + 1', '2021-02-11 05:35:05', '2021-02-11 05:36:27'),
(223, 153, 8, 28, 23, 12, 2.00, ' + 1 + 1', '2021-02-11 05:35:05', '2021-02-11 05:36:27'),
(224, 153, 9, 33, 19, 12, 2.00, ' + 1 + 1', '2021-02-11 05:35:05', '2021-02-11 05:36:27'),
(225, 153, 6, 28, 22, 12, 2.00, ' + 1 + 1', '2021-02-11 05:35:05', '2021-02-11 05:36:27'),
(226, 154, 4, 26, 30, 12, 2.00, ' + 1 + 1', '2021-02-11 05:35:05', '2021-02-11 05:36:27'),
(227, 154, 4, 32, 22, 12, 2.00, ' + 1 + 1', '2021-02-11 05:35:05', '2021-02-11 05:36:27'),
(228, 154, 7, 30, 24, 12, 2.00, ' + 1 + 1', '2021-02-11 05:35:05', '2021-02-11 05:36:27'),
(229, 153, 5, 15, 16, 13, 3.00, ' + 1 + 1 + 1', '2021-02-11 05:35:05', '2021-02-11 05:36:24'),
(230, 153, 8, 27, 31, 13, 3.00, ' + 1 + 1 + 1', '2021-02-11 05:35:05', '2021-02-11 05:36:24'),
(231, 154, 7, 32, 20, 13, 3.00, ' + 1 + 1 + 1', '2021-02-11 05:35:05', '2021-02-11 05:36:24'),
(232, 153, 4, 28, 24, 13, 3.00, ' + 1 + 1 + 1', '2021-02-11 05:35:05', '2021-02-11 05:36:24'),
(233, 153, 6, 26, 30, 13, 3.00, ' + 1 + 1 + 1', '2021-02-11 05:35:05', '2021-02-11 05:36:24'),
(234, 154, 7, 27, 16, 13, 3.00, ' + 1 + 1 + 1', '2021-02-11 05:35:05', '2021-02-11 05:36:24'),
(235, 154, 8, 27, 30, 13, 3.00, ' + 1 + 1 + 1', '2021-02-11 05:35:05', '2021-02-11 05:36:24'),
(236, 153, 6, 32, 27, 13, 3.00, ' + 1 + 1 + 1', '2021-02-11 05:35:05', '2021-02-11 05:36:24'),
(237, 154, 7, 15, 30, 13, 3.00, ' + 1 + 1 + 1', '2021-02-11 05:35:05', '2021-02-11 05:36:24'),
(238, 153, 6, 30, 13, 13, 3.00, ' + 1 + 1 + 1', '2021-02-11 05:35:05', '2021-02-11 05:36:24'),
(239, 153, 5, 27, 11, 13, 3.00, ' + 1 + 1 + 1', '2021-02-11 05:35:05', '2021-02-11 05:36:24'),
(240, 153, 5, 15, 10, 13, 3.00, ' + 1 + 1 + 1', '2021-02-11 05:35:05', '2021-02-11 05:36:24'),
(241, 153, 8, 15, 26, 13, 3.00, ' + 1 + 1 + 1', '2021-02-11 05:35:05', '2021-02-11 05:36:24'),
(242, 153, 5, 22, 11, 13, 3.00, ' + 1 + 1 + 1', '2021-02-11 05:35:05', '2021-02-11 05:36:24'),
(243, 154, 5, 33, 27, 13, 3.00, ' + 1 + 1 + 1', '2021-02-11 05:35:05', '2021-02-11 05:36:24'),
(244, 153, 7, 22, 23, 13, 3.00, ' + 1 + 1 + 1', '2021-02-11 05:35:05', '2021-02-11 05:36:24'),
(245, 154, 8, 33, 17, 13, 3.00, ' + 1 + 1 + 1', '2021-02-11 05:35:05', '2021-02-11 05:36:24'),
(246, 153, 4, 32, 8, 13, 3.00, ' + 1 + 1 + 1', '2021-02-11 05:35:05', '2021-02-11 05:36:24'),
(247, 153, 7, 15, 23, 13, 3.00, ' + 1 + 1 + 1', '2021-02-11 05:35:05', '2021-02-11 05:36:24'),
(248, 153, 5, 28, 26, 14, 2.00, ' + 1 + 1', '2021-02-11 05:35:05', '2021-02-11 05:36:20'),
(249, 153, 6, 15, 8, 14, 2.00, ' + 1 + 1', '2021-02-11 05:35:05', '2021-02-11 05:36:20'),
(250, 154, 8, 32, 10, 14, 2.00, ' + 1 + 1', '2021-02-11 05:35:05', '2021-02-11 05:36:20'),
(251, 154, 4, 26, 21, 14, 2.00, ' + 1 + 1', '2021-02-11 05:35:05', '2021-02-11 05:36:20'),
(252, 153, 4, 26, 31, 14, 2.00, ' + 1 + 1', '2021-02-11 05:35:05', '2021-02-11 05:36:20'),
(253, 154, 4, 30, 11, 14, 2.00, ' + 1 + 1', '2021-02-11 05:35:05', '2021-02-11 05:36:20'),
(254, 154, 4, 22, 14, 14, 2.00, ' + 1 + 1', '2021-02-11 05:35:05', '2021-02-11 05:36:20'),
(255, 154, 8, 32, 9, 14, 2.00, ' + 1 + 1', '2021-02-11 05:35:05', '2021-02-11 05:36:20'),
(256, 153, 8, 32, 17, 14, 2.00, ' + 1 + 1', '2021-02-11 05:35:05', '2021-02-11 05:36:20'),
(257, 154, 7, 32, 7, 14, 2.00, ' + 1 + 1', '2021-02-11 05:35:05', '2021-02-11 05:36:20'),
(258, 153, 8, 15, 10, 14, 2.00, ' + 1 + 1', '2021-02-11 05:35:05', '2021-02-11 05:36:20'),
(259, 153, 6, 32, 15, 14, 2.00, ' + 1 + 1', '2021-02-11 05:35:05', '2021-02-11 05:36:20'),
(260, 153, 4, 26, 23, 14, 2.00, ' + 1 + 1', '2021-02-11 05:35:05', '2021-02-11 05:36:20'),
(261, 153, 8, 28, 14, 14, 2.00, ' + 1 + 1', '2021-02-11 05:35:05', '2021-02-11 05:36:20'),
(262, 153, 4, 15, 26, 14, 2.00, ' + 1 + 1', '2021-02-11 05:35:05', '2021-02-11 05:36:20'),
(263, 154, 4, 27, 10, 14, 2.00, ' + 1 + 1', '2021-02-11 05:35:05', '2021-02-11 05:36:20'),
(264, 154, 7, 22, 21, 14, 2.00, ' + 1 + 1', '2021-02-11 05:35:05', '2021-02-11 05:36:20'),
(265, 153, 8, 22, 31, 14, 2.00, ' + 1 + 1', '2021-02-11 05:35:05', '2021-02-11 05:36:20'),
(266, 154, 5, 30, 27, 14, 2.00, ' + 1 + 1', '2021-02-11 05:35:05', '2021-02-11 05:36:20'),
(267, 153, 7, 22, 24, 15, 1.00, ' + 1', '2021-02-11 05:35:06', '2021-02-11 05:36:02'),
(268, 153, 8, 27, 27, 15, 1.00, ' + 1', '2021-02-11 05:35:06', '2021-02-11 05:36:02'),
(269, 153, 4, 33, 14, 15, 1.00, ' + 1', '2021-02-11 05:35:06', '2021-02-11 05:36:02'),
(270, 154, 7, 33, 10, 15, 1.00, ' + 1', '2021-02-11 05:35:06', '2021-02-11 05:36:02'),
(271, 154, 4, 27, 14, 15, 1.00, ' + 1', '2021-02-11 05:35:06', '2021-02-11 05:36:02'),
(272, 154, 5, 22, 31, 15, 1.00, ' + 1', '2021-02-11 05:35:06', '2021-02-11 05:36:02'),
(273, 153, 5, 22, 12, 15, 1.00, ' + 1', '2021-02-11 05:35:06', '2021-02-11 05:36:02'),
(274, 154, 9, 26, 19, 15, 1.00, ' + 1', '2021-02-11 05:35:06', '2021-02-11 05:36:02'),
(275, 154, 4, 28, 11, 15, 1.00, ' + 1', '2021-02-11 05:35:06', '2021-02-11 05:36:02'),
(276, 154, 7, 32, 23, 15, 1.00, ' + 1', '2021-02-11 05:35:06', '2021-02-11 05:36:02'),
(277, 153, 9, 32, 16, 15, 1.00, ' + 1', '2021-02-11 05:35:06', '2021-02-11 05:36:02'),
(278, 153, 5, 22, 20, 15, 1.00, ' + 1', '2021-02-11 05:35:06', '2021-02-11 05:36:02'),
(279, 153, 5, 28, 26, 15, 1.00, ' + 1', '2021-02-11 05:35:06', '2021-02-11 05:36:02'),
(280, 154, 5, 15, 13, 15, 1.00, ' + 1', '2021-02-11 05:35:06', '2021-02-11 05:36:02'),
(281, 153, 6, 22, 30, 15, 1.00, ' + 1', '2021-02-11 05:35:06', '2021-02-11 05:36:02'),
(282, 153, 5, 27, 7, 15, 1.00, ' + 1', '2021-02-11 05:35:06', '2021-02-11 05:36:02'),
(283, 153, 7, 32, 16, 15, 1.00, ' + 1', '2021-02-11 05:35:06', '2021-02-11 05:36:02'),
(284, 153, 6, 30, 7, 15, 1.00, ' + 1', '2021-02-11 05:35:06', '2021-02-11 05:36:02'),
(285, 154, 8, 15, 22, 15, 1.00, ' + 1', '2021-02-11 05:35:06', '2021-02-11 05:36:02'),
(286, 154, 6, 22, 26, 16, 1.00, ' + 1', '2021-02-11 05:35:06', '2021-02-11 05:36:05'),
(287, 154, 4, 15, 9, 16, 1.00, ' + 1', '2021-02-11 05:35:06', '2021-02-11 05:36:05'),
(288, 153, 8, 30, 22, 16, 1.00, ' + 1', '2021-02-11 05:35:06', '2021-02-11 05:36:05'),
(289, 153, 7, 28, 12, 16, 1.00, ' + 1', '2021-02-11 05:35:06', '2021-02-11 05:36:05'),
(290, 154, 4, 26, 27, 16, 1.00, ' + 1', '2021-02-11 05:35:06', '2021-02-11 05:36:05'),
(291, 153, 7, 32, 24, 16, 1.00, ' + 1', '2021-02-11 05:35:06', '2021-02-11 05:36:05'),
(292, 154, 5, 26, 30, 16, 1.00, ' + 1', '2021-02-11 05:35:06', '2021-02-11 05:36:05'),
(293, 154, 4, 33, 15, 16, 1.00, ' + 1', '2021-02-11 05:35:06', '2021-02-11 05:36:05'),
(294, 153, 9, 30, 19, 16, 1.00, ' + 1', '2021-02-11 05:35:06', '2021-02-11 05:36:05'),
(295, 153, 9, 33, 16, 16, 1.00, ' + 1', '2021-02-11 05:35:06', '2021-02-11 05:36:05'),
(296, 154, 9, 30, 9, 16, 1.00, ' + 1', '2021-02-11 05:35:06', '2021-02-11 05:36:05'),
(297, 154, 9, 27, 12, 16, 1.00, ' + 1', '2021-02-11 05:35:06', '2021-02-11 05:36:05'),
(298, 154, 6, 28, 14, 16, 1.00, ' + 1', '2021-02-11 05:35:06', '2021-02-11 05:36:05'),
(299, 153, 8, 28, 14, 16, 1.00, ' + 1', '2021-02-11 05:35:06', '2021-02-11 05:36:05'),
(300, 153, 6, 27, 9, 16, 1.00, ' + 1', '2021-02-11 05:35:06', '2021-02-11 05:36:05'),
(301, 153, 6, 27, 11, 16, 1.00, ' + 1', '2021-02-11 05:35:06', '2021-02-11 05:36:05'),
(302, 154, 9, 26, 7, 16, 1.00, ' + 1', '2021-02-11 05:35:06', '2021-02-11 05:36:05'),
(303, 153, 6, 15, 31, 16, 1.00, ' + 1', '2021-02-11 05:35:06', '2021-02-11 05:36:05'),
(304, 153, 8, 32, 11, 16, 1.00, ' + 1', '2021-02-11 05:35:06', '2021-02-11 05:36:05'),
(305, 154, 8, 30, 7, 17, 4.00, ' + 1 + 1 + 1 + 1', '2021-02-11 05:35:06', '2021-02-11 05:36:25'),
(306, 153, 7, 28, 20, 17, 4.00, ' + 1 + 1 + 1 + 1', '2021-02-11 05:35:06', '2021-02-11 05:36:25'),
(307, 153, 9, 32, 22, 17, 4.00, ' + 1 + 1 + 1 + 1', '2021-02-11 05:35:06', '2021-02-11 05:36:25'),
(308, 154, 7, 33, 13, 17, 4.00, ' + 1 + 1 + 1 + 1', '2021-02-11 05:35:06', '2021-02-11 05:36:25'),
(309, 154, 9, 22, 22, 17, 4.00, ' + 1 + 1 + 1 + 1', '2021-02-11 05:35:06', '2021-02-11 05:36:25'),
(310, 154, 9, 22, 8, 17, 4.00, ' + 1 + 1 + 1 + 1', '2021-02-11 05:35:06', '2021-02-11 05:36:25'),
(311, 153, 8, 22, 21, 17, 4.00, ' + 1 + 1 + 1 + 1', '2021-02-11 05:35:06', '2021-02-11 05:36:25'),
(312, 153, 5, 32, 12, 17, 4.00, ' + 1 + 1 + 1 + 1', '2021-02-11 05:35:06', '2021-02-11 05:36:25'),
(313, 153, 8, 28, 9, 17, 4.00, ' + 1 + 1 + 1 + 1', '2021-02-11 05:35:06', '2021-02-11 05:36:25'),
(314, 153, 9, 15, 22, 17, 4.00, ' + 1 + 1 + 1 + 1', '2021-02-11 05:35:06', '2021-02-11 05:36:25'),
(315, 153, 9, 33, 11, 17, 4.00, ' + 1 + 1 + 1 + 1', '2021-02-11 05:35:06', '2021-02-11 05:36:25'),
(316, 153, 9, 32, 24, 17, 4.00, ' + 1 + 1 + 1 + 1', '2021-02-11 05:35:06', '2021-02-11 05:36:25'),
(317, 154, 6, 30, 10, 17, 4.00, ' + 1 + 1 + 1 + 1', '2021-02-11 05:35:06', '2021-02-11 05:36:25'),
(318, 154, 6, 27, 17, 17, 4.00, ' + 1 + 1 + 1 + 1', '2021-02-11 05:35:06', '2021-02-11 05:36:25'),
(319, 154, 6, 32, 25, 17, 4.00, ' + 1 + 1 + 1 + 1', '2021-02-11 05:35:07', '2021-02-11 05:36:25'),
(320, 153, 7, 15, 9, 17, 4.00, ' + 1 + 1 + 1 + 1', '2021-02-11 05:35:07', '2021-02-11 05:36:25'),
(321, 154, 6, 22, 14, 17, 4.00, ' + 1 + 1 + 1 + 1', '2021-02-11 05:35:07', '2021-02-11 05:36:25'),
(322, 154, 8, 27, 30, 17, 4.00, ' + 1 + 1 + 1 + 1', '2021-02-11 05:35:07', '2021-02-11 05:36:25'),
(323, 154, 6, 22, 16, 17, 4.00, ' + 1 + 1 + 1 + 1', '2021-02-11 05:35:07', '2021-02-11 05:36:25'),
(324, 154, 5, 28, 22, 18, 3.00, ' + 1 + 1 + 1', '2021-02-11 05:35:07', '2021-02-11 05:36:18'),
(325, 154, 5, 26, 28, 18, 3.00, ' + 1 + 1 + 1', '2021-02-11 05:35:07', '2021-02-11 05:36:18'),
(326, 153, 7, 15, 26, 18, 3.00, ' + 1 + 1 + 1', '2021-02-11 05:35:07', '2021-02-11 05:36:18'),
(327, 153, 8, 22, 9, 18, 3.00, ' + 1 + 1 + 1', '2021-02-11 05:35:07', '2021-02-11 05:36:18'),
(328, 154, 4, 33, 19, 18, 3.00, ' + 1 + 1 + 1', '2021-02-11 05:35:07', '2021-02-11 05:36:18'),
(329, 153, 7, 26, 27, 18, 3.00, ' + 1 + 1 + 1', '2021-02-11 05:35:07', '2021-02-11 05:36:18'),
(330, 154, 4, 30, 9, 18, 3.00, ' + 1 + 1 + 1', '2021-02-11 05:35:07', '2021-02-11 05:36:18'),
(331, 153, 9, 27, 17, 18, 3.00, ' + 1 + 1 + 1', '2021-02-11 05:35:07', '2021-02-11 05:36:18'),
(332, 153, 5, 26, 18, 18, 3.00, ' + 1 + 1 + 1', '2021-02-11 05:35:07', '2021-02-11 05:36:18'),
(333, 154, 6, 22, 26, 18, 3.00, ' + 1 + 1 + 1', '2021-02-11 05:35:07', '2021-02-11 05:36:18'),
(334, 154, 8, 15, 20, 18, 3.00, ' + 1 + 1 + 1', '2021-02-11 05:35:07', '2021-02-11 05:36:18'),
(335, 154, 8, 22, 28, 18, 3.00, ' + 1 + 1 + 1', '2021-02-11 05:35:07', '2021-02-11 05:36:18'),
(336, 154, 8, 15, 26, 18, 3.00, ' + 1 + 1 + 1', '2021-02-11 05:35:07', '2021-02-11 05:36:18'),
(337, 153, 5, 15, 17, 18, 3.00, ' + 1 + 1 + 1', '2021-02-11 05:35:07', '2021-02-11 05:36:18'),
(338, 153, 7, 15, 15, 18, 3.00, ' + 1 + 1 + 1', '2021-02-11 05:35:07', '2021-02-11 05:36:18'),
(339, 153, 4, 27, 16, 18, 3.00, ' + 1 + 1 + 1', '2021-02-11 05:35:07', '2021-02-11 05:36:18'),
(340, 154, 4, 30, 15, 18, 3.00, ' + 1 + 1 + 1', '2021-02-11 05:35:07', '2021-02-11 05:36:18'),
(341, 154, 9, 22, 13, 18, 3.00, ' + 1 + 1 + 1', '2021-02-11 05:35:07', '2021-02-11 05:36:18'),
(342, 153, 6, 15, 8, 18, 3.00, ' + 1 + 1 + 1', '2021-02-11 05:35:07', '2021-02-11 05:36:18'),
(343, 154, 6, 30, 9, 19, 4.00, ' + 2 + 1 + 1', '2021-02-11 05:35:07', '2021-02-11 05:36:27'),
(344, 154, 7, 30, 25, 19, 4.00, ' + 2 + 1 + 1', '2021-02-11 05:35:07', '2021-02-11 05:36:27'),
(345, 153, 5, 26, 10, 19, 4.00, ' + 2 + 1 + 1', '2021-02-11 05:35:07', '2021-02-11 05:36:27'),
(346, 153, 6, 30, 13, 19, 4.00, ' + 2 + 1 + 1', '2021-02-11 05:35:07', '2021-02-11 05:36:27'),
(347, 154, 4, 30, 28, 19, 4.00, ' + 2 + 1 + 1', '2021-02-11 05:35:07', '2021-02-11 05:36:27'),
(348, 153, 8, 32, 28, 19, 4.00, ' + 2 + 1 + 1', '2021-02-11 05:35:07', '2021-02-11 05:36:27'),
(349, 153, 6, 26, 30, 19, 4.00, ' + 2 + 1 + 1', '2021-02-11 05:35:07', '2021-02-11 05:36:27'),
(350, 153, 5, 28, 19, 19, 4.00, ' + 2 + 1 + 1', '2021-02-11 05:35:07', '2021-02-11 05:36:27'),
(351, 154, 7, 30, 7, 19, 4.00, ' + 2 + 1 + 1', '2021-02-11 05:35:07', '2021-02-11 05:36:27'),
(352, 154, 8, 32, 15, 19, 4.00, ' + 2 + 1 + 1', '2021-02-11 05:35:07', '2021-02-11 05:36:27'),
(353, 153, 6, 27, 29, 19, 4.00, ' + 2 + 1 + 1', '2021-02-11 05:35:07', '2021-02-11 05:36:27'),
(354, 154, 7, 33, 27, 19, 4.00, ' + 2 + 1 + 1', '2021-02-11 05:35:07', '2021-02-11 05:36:27'),
(355, 153, 5, 30, 10, 19, 4.00, ' + 2 + 1 + 1', '2021-02-11 05:35:07', '2021-02-11 05:36:27'),
(356, 153, 7, 15, 29, 19, 4.00, ' + 2 + 1 + 1', '2021-02-11 05:35:07', '2021-02-11 05:36:27'),
(357, 154, 5, 32, 14, 19, 4.00, ' + 2 + 1 + 1', '2021-02-11 05:35:07', '2021-02-11 05:36:27'),
(358, 154, 8, 30, 20, 19, 4.00, ' + 2 + 1 + 1', '2021-02-11 05:35:07', '2021-02-11 05:36:27'),
(359, 154, 7, 30, 27, 19, 4.00, ' + 2 + 1 + 1', '2021-02-11 05:35:07', '2021-02-11 05:36:27'),
(360, 154, 6, 28, 25, 19, 4.00, ' + 2 + 1 + 1', '2021-02-11 05:35:07', '2021-02-11 05:36:27'),
(361, 154, 7, 32, 13, 19, 4.00, ' + 2 + 1 + 1', '2021-02-11 05:35:07', '2021-02-11 05:36:27'),
(362, 154, 9, 33, 18, 20, 3.00, ' + 2 + 1', '2021-02-11 05:35:07', '2021-02-11 05:36:32'),
(363, 153, 5, 32, 20, 20, 3.00, ' + 2 + 1', '2021-02-11 05:35:07', '2021-02-11 05:36:32'),
(364, 154, 9, 33, 29, 20, 3.00, ' + 2 + 1', '2021-02-11 05:35:07', '2021-02-11 05:36:32'),
(365, 154, 4, 30, 16, 20, 3.00, ' + 2 + 1', '2021-02-11 05:35:07', '2021-02-11 05:36:32'),
(366, 154, 6, 15, 22, 20, 3.00, ' + 2 + 1', '2021-02-11 05:35:07', '2021-02-11 05:36:32'),
(367, 154, 5, 30, 19, 20, 3.00, ' + 2 + 1', '2021-02-11 05:35:07', '2021-02-11 05:36:32'),
(368, 154, 9, 33, 24, 20, 3.00, ' + 2 + 1', '2021-02-11 05:35:07', '2021-02-11 05:36:32'),
(369, 153, 9, 28, 25, 20, 3.00, ' + 2 + 1', '2021-02-11 05:35:07', '2021-02-11 05:36:32'),
(370, 153, 7, 32, 20, 20, 3.00, ' + 2 + 1', '2021-02-11 05:35:08', '2021-02-11 05:36:32'),
(371, 154, 5, 22, 16, 20, 3.00, ' + 2 + 1', '2021-02-11 05:35:08', '2021-02-11 05:36:32'),
(372, 154, 4, 27, 27, 20, 3.00, ' + 2 + 1', '2021-02-11 05:35:08', '2021-02-11 05:36:32'),
(373, 154, 7, 30, 19, 20, 3.00, ' + 2 + 1', '2021-02-11 05:35:08', '2021-02-11 05:36:32'),
(374, 153, 9, 30, 23, 20, 3.00, ' + 2 + 1', '2021-02-11 05:35:08', '2021-02-11 05:36:32'),
(375, 153, 9, 15, 17, 20, 3.00, ' + 2 + 1', '2021-02-11 05:35:08', '2021-02-11 05:36:32'),
(376, 153, 4, 28, 22, 20, 3.00, ' + 2 + 1', '2021-02-11 05:35:08', '2021-02-11 05:36:32'),
(377, 153, 7, 30, 19, 20, 3.00, ' + 2 + 1', '2021-02-11 05:35:08', '2021-02-11 05:36:32'),
(378, 154, 7, 32, 15, 20, 3.00, ' + 2 + 1', '2021-02-11 05:35:08', '2021-02-11 05:36:32'),
(379, 154, 7, 28, 11, 20, 3.00, ' + 2 + 1', '2021-02-11 05:35:08', '2021-02-11 05:36:32'),
(380, 154, 4, 22, 13, 20, 3.00, ' + 2 + 1', '2021-02-11 05:35:08', '2021-02-11 05:36:32'),
(381, 153, 8, 32, 24, 21, 4.00, ' + 1 + 1 + 1 + 1', '2021-02-11 05:35:08', '2021-02-11 05:36:31'),
(382, 154, 4, 26, 25, 21, 4.00, ' + 1 + 1 + 1 + 1', '2021-02-11 05:35:08', '2021-02-11 05:36:31'),
(383, 153, 5, 22, 16, 21, 4.00, ' + 1 + 1 + 1 + 1', '2021-02-11 05:35:08', '2021-02-11 05:36:31'),
(384, 153, 6, 32, 19, 21, 4.00, ' + 1 + 1 + 1 + 1', '2021-02-11 05:35:08', '2021-02-11 05:36:31'),
(385, 154, 8, 28, 22, 21, 4.00, ' + 1 + 1 + 1 + 1', '2021-02-11 05:35:08', '2021-02-11 05:36:31'),
(386, 153, 9, 15, 15, 21, 4.00, ' + 1 + 1 + 1 + 1', '2021-02-11 05:35:08', '2021-02-11 05:36:31'),
(387, 154, 4, 28, 15, 21, 4.00, ' + 1 + 1 + 1 + 1', '2021-02-11 05:35:08', '2021-02-11 05:36:31'),
(388, 154, 4, 28, 15, 21, 4.00, ' + 1 + 1 + 1 + 1', '2021-02-11 05:35:08', '2021-02-11 05:36:31'),
(389, 154, 4, 15, 10, 21, 4.00, ' + 1 + 1 + 1 + 1', '2021-02-11 05:35:08', '2021-02-11 05:36:31'),
(390, 154, 8, 22, 16, 21, 4.00, ' + 1 + 1 + 1 + 1', '2021-02-11 05:35:08', '2021-02-11 05:36:31'),
(391, 154, 9, 33, 19, 21, 4.00, ' + 1 + 1 + 1 + 1', '2021-02-11 05:35:08', '2021-02-11 05:36:31'),
(392, 153, 5, 30, 23, 21, 4.00, ' + 1 + 1 + 1 + 1', '2021-02-11 05:35:08', '2021-02-11 05:36:31'),
(393, 154, 6, 28, 7, 21, 4.00, ' + 1 + 1 + 1 + 1', '2021-02-11 05:35:08', '2021-02-11 05:36:31'),
(394, 153, 8, 22, 7, 21, 4.00, ' + 1 + 1 + 1 + 1', '2021-02-11 05:35:08', '2021-02-11 05:36:31'),
(395, 154, 4, 33, 11, 21, 4.00, ' + 1 + 1 + 1 + 1', '2021-02-11 05:35:08', '2021-02-11 05:36:31'),
(396, 153, 6, 28, 23, 21, 4.00, ' + 1 + 1 + 1 + 1', '2021-02-11 05:35:08', '2021-02-11 05:36:31'),
(397, 153, 6, 33, 12, 21, 4.00, ' + 1 + 1 + 1 + 1', '2021-02-11 05:35:08', '2021-02-11 05:36:31'),
(398, 153, 6, 30, 21, 21, 4.00, ' + 1 + 1 + 1 + 1', '2021-02-11 05:35:08', '2021-02-11 05:36:31'),
(399, 153, 8, 32, 21, 21, 4.00, ' + 1 + 1 + 1 + 1', '2021-02-11 05:35:08', '2021-02-11 05:36:31'),
(400, 154, 7, 15, 17, 22, 2.00, ' + 1 + 1', '2021-02-11 05:35:08', '2021-02-11 05:36:29'),
(401, 153, 7, 33, 28, 22, 2.00, ' + 1 + 1', '2021-02-11 05:35:08', '2021-02-11 05:36:29'),
(402, 153, 8, 22, 28, 22, 2.00, ' + 1 + 1', '2021-02-11 05:35:08', '2021-02-11 05:36:29'),
(403, 154, 6, 33, 30, 22, 2.00, ' + 1 + 1', '2021-02-11 05:35:08', '2021-02-11 05:36:29'),
(404, 153, 5, 22, 8, 22, 2.00, ' + 1 + 1', '2021-02-11 05:35:08', '2021-02-11 05:36:29'),
(405, 154, 9, 28, 7, 22, 2.00, ' + 1 + 1', '2021-02-11 05:35:08', '2021-02-11 05:36:29'),
(406, 154, 9, 32, 30, 22, 2.00, ' + 1 + 1', '2021-02-11 05:35:08', '2021-02-11 05:36:29'),
(407, 154, 5, 27, 31, 22, 2.00, ' + 1 + 1', '2021-02-11 05:35:08', '2021-02-11 05:36:29'),
(408, 154, 5, 30, 31, 22, 2.00, ' + 1 + 1', '2021-02-11 05:35:08', '2021-02-11 05:36:29'),
(409, 153, 8, 33, 25, 22, 2.00, ' + 1 + 1', '2021-02-11 05:35:08', '2021-02-11 05:36:29'),
(410, 154, 9, 26, 16, 22, 2.00, ' + 1 + 1', '2021-02-11 05:35:08', '2021-02-11 05:36:29'),
(411, 153, 9, 26, 17, 22, 2.00, ' + 1 + 1', '2021-02-11 05:35:08', '2021-02-11 05:36:29'),
(412, 153, 9, 27, 11, 22, 2.00, ' + 1 + 1', '2021-02-11 05:35:08', '2021-02-11 05:36:29'),
(413, 153, 4, 22, 11, 22, 2.00, ' + 1 + 1', '2021-02-11 05:35:08', '2021-02-11 05:36:29'),
(414, 153, 9, 30, 24, 22, 2.00, ' + 1 + 1', '2021-02-11 05:35:08', '2021-02-11 05:36:29'),
(415, 154, 7, 27, 8, 22, 2.00, ' + 1 + 1', '2021-02-11 05:35:08', '2021-02-11 05:36:29'),
(416, 153, 7, 22, 13, 22, 2.00, ' + 1 + 1', '2021-02-11 05:35:09', '2021-02-11 05:36:29'),
(417, 154, 7, 22, 13, 22, 2.00, ' + 1 + 1', '2021-02-11 05:35:09', '2021-02-11 05:36:29'),
(418, 153, 4, 27, 24, 22, 2.00, ' + 1 + 1', '2021-02-11 05:35:09', '2021-02-11 05:36:29'),
(419, 153, 4, 32, 20, 23, 3.00, ' + 1 + 1 + 1', '2021-02-11 05:35:09', '2021-02-11 05:36:22'),
(420, 153, 4, 28, 19, 23, 3.00, ' + 1 + 1 + 1', '2021-02-11 05:35:09', '2021-02-11 05:36:22'),
(421, 154, 9, 33, 17, 23, 3.00, ' + 1 + 1 + 1', '2021-02-11 05:35:09', '2021-02-11 05:36:22'),
(422, 154, 7, 30, 26, 23, 3.00, ' + 1 + 1 + 1', '2021-02-11 05:35:09', '2021-02-11 05:36:22'),
(423, 154, 4, 28, 28, 23, 3.00, ' + 1 + 1 + 1', '2021-02-11 05:35:09', '2021-02-11 05:36:22'),
(424, 154, 6, 30, 27, 23, 3.00, ' + 1 + 1 + 1', '2021-02-11 05:35:09', '2021-02-11 05:36:22'),
(425, 154, 7, 28, 27, 23, 3.00, ' + 1 + 1 + 1', '2021-02-11 05:35:09', '2021-02-11 05:36:22'),
(426, 154, 4, 27, 11, 23, 3.00, ' + 1 + 1 + 1', '2021-02-11 05:35:09', '2021-02-11 05:36:22'),
(427, 153, 6, 33, 9, 23, 3.00, ' + 1 + 1 + 1', '2021-02-11 05:35:09', '2021-02-11 05:36:22'),
(428, 154, 9, 33, 12, 23, 3.00, ' + 1 + 1 + 1', '2021-02-11 05:35:09', '2021-02-11 05:36:22'),
(429, 153, 4, 26, 19, 23, 3.00, ' + 1 + 1 + 1', '2021-02-11 05:35:09', '2021-02-11 05:36:22'),
(430, 153, 4, 30, 17, 23, 3.00, ' + 1 + 1 + 1', '2021-02-11 05:35:09', '2021-02-11 05:36:22'),
(431, 153, 5, 33, 8, 23, 3.00, ' + 1 + 1 + 1', '2021-02-11 05:35:09', '2021-02-11 05:36:22'),
(432, 153, 7, 27, 21, 23, 3.00, ' + 1 + 1 + 1', '2021-02-11 05:35:09', '2021-02-11 05:36:22'),
(433, 153, 9, 22, 17, 23, 3.00, ' + 1 + 1 + 1', '2021-02-11 05:35:09', '2021-02-11 05:36:22'),
(434, 153, 8, 33, 17, 23, 3.00, ' + 1 + 1 + 1', '2021-02-11 05:35:09', '2021-02-11 05:36:22'),
(435, 153, 4, 28, 12, 23, 3.00, ' + 1 + 1 + 1', '2021-02-11 05:35:09', '2021-02-11 05:36:22'),
(436, 153, 9, 30, 11, 23, 3.00, ' + 1 + 1 + 1', '2021-02-11 05:35:09', '2021-02-11 05:36:22'),
(437, 153, 8, 26, 16, 23, 3.00, ' + 1 + 1 + 1', '2021-02-11 05:35:09', '2021-02-11 05:36:23'),
(438, 154, 4, 22, 22, 24, 3.00, ' + 1 + 1 + 1', '2021-02-11 05:35:09', '2021-02-11 05:36:19'),
(439, 153, 4, 15, 8, 24, 3.00, ' + 1 + 1 + 1', '2021-02-11 05:35:09', '2021-02-11 05:36:19'),
(440, 154, 5, 32, 16, 24, 3.00, ' + 1 + 1 + 1', '2021-02-11 05:35:09', '2021-02-11 05:36:19'),
(441, 153, 4, 26, 15, 24, 3.00, ' + 1 + 1 + 1', '2021-02-11 05:35:09', '2021-02-11 05:36:19'),
(442, 154, 4, 22, 27, 24, 3.00, ' + 1 + 1 + 1', '2021-02-11 05:35:09', '2021-02-11 05:36:19'),
(443, 153, 4, 22, 13, 24, 3.00, ' + 1 + 1 + 1', '2021-02-11 05:35:09', '2021-02-11 05:36:19'),
(444, 154, 8, 26, 21, 24, 3.00, ' + 1 + 1 + 1', '2021-02-11 05:35:09', '2021-02-11 05:36:19'),
(445, 153, 9, 15, 28, 24, 3.00, ' + 1 + 1 + 1', '2021-02-11 05:35:09', '2021-02-11 05:36:19'),
(446, 154, 9, 26, 23, 24, 3.00, ' + 1 + 1 + 1', '2021-02-11 05:35:09', '2021-02-11 05:36:19'),
(447, 154, 8, 26, 19, 24, 3.00, ' + 1 + 1 + 1', '2021-02-11 05:35:09', '2021-02-11 05:36:19'),
(448, 153, 7, 32, 8, 24, 3.00, ' + 1 + 1 + 1', '2021-02-11 05:35:09', '2021-02-11 05:36:19'),
(449, 153, 8, 22, 19, 24, 3.00, ' + 1 + 1 + 1', '2021-02-11 05:35:09', '2021-02-11 05:36:19'),
(450, 153, 7, 15, 16, 24, 3.00, ' + 1 + 1 + 1', '2021-02-11 05:35:09', '2021-02-11 05:36:19'),
(451, 153, 5, 30, 9, 24, 3.00, ' + 1 + 1 + 1', '2021-02-11 05:35:09', '2021-02-11 05:36:19'),
(452, 153, 5, 26, 10, 24, 3.00, ' + 1 + 1 + 1', '2021-02-11 05:35:09', '2021-02-11 05:36:19'),
(453, 153, 6, 27, 10, 24, 3.00, ' + 1 + 1 + 1', '2021-02-11 05:35:09', '2021-02-11 05:36:19'),
(454, 153, 6, 27, 16, 24, 3.00, ' + 1 + 1 + 1', '2021-02-11 05:35:09', '2021-02-11 05:36:19'),
(455, 153, 8, 27, 9, 24, 3.00, ' + 1 + 1 + 1', '2021-02-11 05:35:09', '2021-02-11 05:36:19'),
(456, 153, 4, 33, 26, 24, 3.00, ' + 1 + 1 + 1', '2021-02-11 05:35:09', '2021-02-11 05:36:19'),
(457, 153, 7, 30, 7, 25, 3.00, ' + 1 + 1 + 1', '2021-02-11 05:35:09', '2021-02-11 05:36:28'),
(458, 153, 6, 22, 18, 25, 3.00, ' + 1 + 1 + 1', '2021-02-11 05:35:09', '2021-02-11 05:36:28'),
(459, 153, 9, 27, 19, 25, 3.00, ' + 1 + 1 + 1', '2021-02-11 05:35:09', '2021-02-11 05:36:28'),
(460, 153, 8, 28, 22, 25, 3.00, ' + 1 + 1 + 1', '2021-02-11 05:35:09', '2021-02-11 05:36:28'),
(461, 153, 4, 27, 10, 25, 3.00, ' + 1 + 1 + 1', '2021-02-11 05:35:09', '2021-02-11 05:36:28'),
(462, 153, 4, 33, 25, 25, 3.00, ' + 1 + 1 + 1', '2021-02-11 05:35:09', '2021-02-11 05:36:28'),
(463, 154, 4, 27, 31, 25, 3.00, ' + 1 + 1 + 1', '2021-02-11 05:35:10', '2021-02-11 05:36:28'),
(464, 153, 9, 28, 23, 25, 3.00, ' + 1 + 1 + 1', '2021-02-11 05:35:10', '2021-02-11 05:36:28'),
(465, 154, 9, 33, 25, 25, 3.00, ' + 1 + 1 + 1', '2021-02-11 05:35:10', '2021-02-11 05:36:28'),
(466, 154, 8, 15, 18, 25, 3.00, ' + 1 + 1 + 1', '2021-02-11 05:35:10', '2021-02-11 05:36:28'),
(467, 153, 8, 28, 19, 25, 3.00, ' + 1 + 1 + 1', '2021-02-11 05:35:10', '2021-02-11 05:36:28'),
(468, 154, 5, 15, 11, 25, 3.00, ' + 1 + 1 + 1', '2021-02-11 05:35:10', '2021-02-11 05:36:28'),
(469, 154, 8, 30, 29, 25, 3.00, ' + 1 + 1 + 1', '2021-02-11 05:35:10', '2021-02-11 05:36:28'),
(470, 153, 5, 33, 10, 25, 3.00, ' + 1 + 1 + 1', '2021-02-11 05:35:10', '2021-02-11 05:36:28'),
(471, 153, 9, 33, 15, 25, 3.00, ' + 1 + 1 + 1', '2021-02-11 05:35:10', '2021-02-11 05:36:28'),
(472, 153, 7, 15, 28, 25, 3.00, ' + 1 + 1 + 1', '2021-02-11 05:35:10', '2021-02-11 05:36:28'),
(473, 154, 8, 27, 18, 25, 3.00, ' + 1 + 1 + 1', '2021-02-11 05:35:10', '2021-02-11 05:36:28'),
(474, 153, 8, 26, 12, 25, 3.00, ' + 1 + 1 + 1', '2021-02-11 05:35:10', '2021-02-11 05:36:28'),
(475, 153, 8, 26, 13, 25, 3.00, ' + 1 + 1 + 1', '2021-02-11 05:35:10', '2021-02-11 05:36:28'),
(476, 153, 7, 15, 12, 26, 3.00, ' + 1 + 1 + 1', '2021-02-11 05:35:10', '2021-02-11 05:36:25'),
(477, 153, 4, 15, 31, 26, 3.00, ' + 1 + 1 + 1', '2021-02-11 05:35:10', '2021-02-11 05:36:25'),
(478, 153, 7, 33, 22, 26, 3.00, ' + 1 + 1 + 1', '2021-02-11 05:35:10', '2021-02-11 05:36:25'),
(479, 153, 9, 30, 26, 26, 3.00, ' + 1 + 1 + 1', '2021-02-11 05:35:10', '2021-02-11 05:36:25'),
(480, 153, 8, 32, 13, 26, 3.00, ' + 1 + 1 + 1', '2021-02-11 05:35:10', '2021-02-11 05:36:25'),
(481, 153, 8, 15, 11, 26, 3.00, ' + 1 + 1 + 1', '2021-02-11 05:35:10', '2021-02-11 05:36:25'),
(482, 154, 4, 22, 27, 26, 3.00, ' + 1 + 1 + 1', '2021-02-11 05:35:10', '2021-02-11 05:36:25'),
(483, 154, 7, 28, 25, 26, 3.00, ' + 1 + 1 + 1', '2021-02-11 05:35:10', '2021-02-11 05:36:25'),
(484, 153, 8, 28, 21, 26, 3.00, ' + 1 + 1 + 1', '2021-02-11 05:35:10', '2021-02-11 05:36:25'),
(485, 153, 9, 22, 7, 26, 3.00, ' + 1 + 1 + 1', '2021-02-11 05:35:10', '2021-02-11 05:36:25'),
(486, 154, 7, 33, 23, 26, 3.00, ' + 1 + 1 + 1', '2021-02-11 05:35:10', '2021-02-11 05:36:25'),
(487, 153, 8, 26, 29, 26, 3.00, ' + 1 + 1 + 1', '2021-02-11 05:35:10', '2021-02-11 05:36:25'),
(488, 153, 9, 26, 24, 26, 3.00, ' + 1 + 1 + 1', '2021-02-11 05:35:10', '2021-02-11 05:36:25'),
(489, 154, 9, 32, 10, 26, 3.00, ' + 1 + 1 + 1', '2021-02-11 05:35:10', '2021-02-11 05:36:25'),
(490, 153, 8, 30, 31, 26, 3.00, ' + 1 + 1 + 1', '2021-02-11 05:35:10', '2021-02-11 05:36:25'),
(491, 153, 8, 32, 21, 26, 3.00, ' + 1 + 1 + 1', '2021-02-11 05:35:10', '2021-02-11 05:36:25'),
(492, 153, 4, 30, 13, 26, 3.00, ' + 1 + 1 + 1', '2021-02-11 05:35:10', '2021-02-11 05:36:25'),
(493, 154, 9, 27, 20, 26, 3.00, ' + 1 + 1 + 1', '2021-02-11 05:35:10', '2021-02-11 05:36:25'),
(494, 153, 9, 30, 30, 26, 3.00, ' + 1 + 1 + 1', '2021-02-11 05:35:10', '2021-02-11 05:36:25'),
(495, 153, 7, 15, 13, 27, NULL, NULL, '2021-02-11 05:35:10', '2021-02-11 05:35:10'),
(496, 154, 4, 28, 21, 27, NULL, NULL, '2021-02-11 05:35:10', '2021-02-11 05:35:10'),
(497, 154, 6, 22, 9, 27, NULL, NULL, '2021-02-11 05:35:10', '2021-02-11 05:35:10'),
(498, 154, 5, 32, 8, 27, NULL, NULL, '2021-02-11 05:35:10', '2021-02-11 05:35:10'),
(499, 154, 4, 26, 16, 27, NULL, NULL, '2021-02-11 05:35:10', '2021-02-11 05:35:10'),
(500, 154, 4, 33, 26, 27, NULL, NULL, '2021-02-11 05:35:10', '2021-02-11 05:35:10'),
(501, 153, 5, 28, 26, 27, NULL, NULL, '2021-02-11 05:35:10', '2021-02-11 05:35:10'),
(502, 153, 5, 33, 24, 27, NULL, NULL, '2021-02-11 05:35:10', '2021-02-11 05:35:10'),
(503, 154, 6, 15, 23, 27, NULL, NULL, '2021-02-11 05:35:10', '2021-02-11 05:35:10'),
(504, 153, 8, 28, 17, 27, NULL, NULL, '2021-02-11 05:35:10', '2021-02-11 05:35:10'),
(505, 154, 8, 22, 14, 27, NULL, NULL, '2021-02-11 05:35:10', '2021-02-11 05:35:10'),
(506, 154, 9, 30, 18, 27, NULL, NULL, '2021-02-11 05:35:10', '2021-02-11 05:35:10'),
(507, 154, 8, 30, 26, 27, NULL, NULL, '2021-02-11 05:35:10', '2021-02-11 05:35:10'),
(508, 154, 5, 30, 31, 27, NULL, NULL, '2021-02-11 05:35:10', '2021-02-11 05:35:10'),
(509, 153, 9, 33, 29, 27, NULL, NULL, '2021-02-11 05:35:10', '2021-02-11 05:35:10'),
(510, 153, 4, 33, 22, 27, NULL, NULL, '2021-02-11 05:35:11', '2021-02-11 05:35:11'),
(511, 153, 6, 30, 18, 27, NULL, NULL, '2021-02-11 05:35:11', '2021-02-11 05:35:11'),
(512, 153, 6, 22, 28, 27, NULL, NULL, '2021-02-11 05:35:11', '2021-02-11 05:35:11'),
(513, 154, 5, 27, 7, 27, NULL, NULL, '2021-02-11 05:35:11', '2021-02-11 05:35:11'),
(514, 154, 9, 15, 10, 28, 1.00, ' + 1', '2021-02-11 05:35:11', '2021-02-11 05:36:06'),
(515, 153, 4, 33, 25, 28, 1.00, ' + 1', '2021-02-11 05:35:11', '2021-02-11 05:36:06'),
(516, 154, 8, 30, 27, 28, 1.00, ' + 1', '2021-02-11 05:35:11', '2021-02-11 05:36:06'),
(517, 153, 7, 22, 24, 28, 1.00, ' + 1', '2021-02-11 05:35:11', '2021-02-11 05:36:06'),
(518, 154, 6, 28, 10, 28, 1.00, ' + 1', '2021-02-11 05:35:11', '2021-02-11 05:36:06'),
(519, 154, 4, 27, 24, 28, 1.00, ' + 1', '2021-02-11 05:35:11', '2021-02-11 05:36:06'),
(520, 154, 9, 32, 29, 28, 1.00, ' + 1', '2021-02-11 05:35:11', '2021-02-11 05:36:06'),
(521, 154, 4, 22, 17, 28, 1.00, ' + 1', '2021-02-11 05:35:11', '2021-02-11 05:36:06'),
(522, 154, 9, 27, 13, 28, 1.00, ' + 1', '2021-02-11 05:35:11', '2021-02-11 05:36:06'),
(523, 154, 5, 22, 30, 28, 1.00, ' + 1', '2021-02-11 05:35:11', '2021-02-11 05:36:06'),
(524, 153, 6, 22, 29, 28, 1.00, ' + 1', '2021-02-11 05:35:11', '2021-02-11 05:36:06'),
(525, 153, 7, 30, 15, 28, 1.00, ' + 1', '2021-02-11 05:35:11', '2021-02-11 05:36:06'),
(526, 153, 7, 22, 9, 28, 1.00, ' + 1', '2021-02-11 05:35:11', '2021-02-11 05:36:06'),
(527, 153, 9, 26, 18, 28, 1.00, ' + 1', '2021-02-11 05:35:11', '2021-02-11 05:36:06'),
(528, 154, 4, 33, 20, 28, 1.00, ' + 1', '2021-02-11 05:35:11', '2021-02-11 05:36:06'),
(529, 153, 9, 30, 31, 28, 1.00, ' + 1', '2021-02-11 05:35:11', '2021-02-11 05:36:06'),
(530, 153, 7, 28, 13, 28, 1.00, ' + 1', '2021-02-11 05:35:11', '2021-02-11 05:36:06'),
(531, 153, 9, 32, 23, 28, 1.00, ' + 1', '2021-02-11 05:35:11', '2021-02-11 05:36:06'),
(532, 154, 5, 26, 24, 28, 1.00, ' + 1', '2021-02-11 05:35:11', '2021-02-11 05:36:06'),
(533, 153, 4, 30, 18, 29, 2.00, ' + 1 + 1', '2021-02-11 05:35:11', '2021-02-11 05:36:09'),
(534, 153, 9, 28, 18, 29, 2.00, ' + 1 + 1', '2021-02-11 05:35:11', '2021-02-11 05:36:09'),
(535, 154, 9, 26, 20, 29, 2.00, ' + 1 + 1', '2021-02-11 05:35:11', '2021-02-11 05:36:09'),
(536, 153, 6, 22, 16, 29, 2.00, ' + 1 + 1', '2021-02-11 05:35:11', '2021-02-11 05:36:09'),
(537, 153, 5, 26, 23, 29, 2.00, ' + 1 + 1', '2021-02-11 05:35:11', '2021-02-11 05:36:09'),
(538, 153, 6, 26, 21, 29, 2.00, ' + 1 + 1', '2021-02-11 05:35:11', '2021-02-11 05:36:09'),
(539, 154, 8, 30, 28, 29, 2.00, ' + 1 + 1', '2021-02-11 05:35:11', '2021-02-11 05:36:09'),
(540, 154, 9, 15, 23, 29, 2.00, ' + 1 + 1', '2021-02-11 05:35:11', '2021-02-11 05:36:09'),
(541, 153, 9, 15, 28, 29, 2.00, ' + 1 + 1', '2021-02-11 05:35:11', '2021-02-11 05:36:09'),
(542, 153, 7, 28, 28, 29, 2.00, ' + 1 + 1', '2021-02-11 05:35:11', '2021-02-11 05:36:09'),
(543, 153, 4, 22, 27, 29, 2.00, ' + 1 + 1', '2021-02-11 05:35:11', '2021-02-11 05:36:09'),
(544, 154, 4, 27, 15, 29, 2.00, ' + 1 + 1', '2021-02-11 05:35:11', '2021-02-11 05:36:09'),
(545, 153, 5, 15, 21, 29, 2.00, ' + 1 + 1', '2021-02-11 05:35:11', '2021-02-11 05:36:09'),
(546, 154, 5, 33, 22, 29, 2.00, ' + 1 + 1', '2021-02-11 05:35:11', '2021-02-11 05:36:09'),
(547, 154, 4, 27, 13, 29, 2.00, ' + 1 + 1', '2021-02-11 05:35:11', '2021-02-11 05:36:09'),
(548, 153, 7, 28, 9, 29, 2.00, ' + 1 + 1', '2021-02-11 05:35:11', '2021-02-11 05:36:09'),
(549, 153, 6, 15, 20, 29, 2.00, ' + 1 + 1', '2021-02-11 05:35:12', '2021-02-11 05:36:09'),
(550, 154, 7, 15, 20, 29, 2.00, ' + 1 + 1', '2021-02-11 05:35:12', '2021-02-11 05:36:09'),
(551, 154, 7, 33, 8, 29, 2.00, ' + 1 + 1', '2021-02-11 05:35:12', '2021-02-11 05:36:09'),
(552, 153, 8, 27, 29, 30, 3.00, ' + 1 + 2', '2021-02-11 05:35:12', '2021-02-11 05:36:21');
INSERT INTO `schedules` (`id`, `teachs_id`, `days_id`, `times_id`, `rooms_id`, `type`, `value`, `value_process`, `created_at`, `updated_at`) VALUES
(553, 154, 9, 22, 19, 30, 3.00, ' + 1 + 2', '2021-02-11 05:35:12', '2021-02-11 05:36:21'),
(554, 154, 9, 28, 24, 30, 3.00, ' + 1 + 2', '2021-02-11 05:35:12', '2021-02-11 05:36:21'),
(555, 153, 8, 22, 31, 30, 3.00, ' + 1 + 2', '2021-02-11 05:35:12', '2021-02-11 05:36:21'),
(556, 153, 7, 15, 12, 30, 3.00, ' + 1 + 2', '2021-02-11 05:35:12', '2021-02-11 05:36:21'),
(557, 154, 9, 22, 23, 30, 3.00, ' + 1 + 2', '2021-02-11 05:35:12', '2021-02-11 05:36:21'),
(558, 153, 4, 26, 31, 30, 3.00, ' + 1 + 2', '2021-02-11 05:35:12', '2021-02-11 05:36:21'),
(559, 153, 4, 27, 23, 30, 3.00, ' + 1 + 2', '2021-02-11 05:35:12', '2021-02-11 05:36:21'),
(560, 153, 7, 30, 8, 30, 3.00, ' + 1 + 2', '2021-02-11 05:35:12', '2021-02-11 05:36:21'),
(561, 153, 6, 32, 10, 30, 3.00, ' + 1 + 2', '2021-02-11 05:35:12', '2021-02-11 05:36:21'),
(562, 154, 4, 33, 10, 30, 3.00, ' + 1 + 2', '2021-02-11 05:35:12', '2021-02-11 05:36:21'),
(563, 153, 8, 30, 20, 30, 3.00, ' + 1 + 2', '2021-02-11 05:35:12', '2021-02-11 05:36:21'),
(564, 154, 9, 26, 14, 30, 3.00, ' + 1 + 2', '2021-02-11 05:35:12', '2021-02-11 05:36:21'),
(565, 153, 6, 30, 19, 30, 3.00, ' + 1 + 2', '2021-02-11 05:35:12', '2021-02-11 05:36:21'),
(566, 153, 5, 28, 16, 30, 3.00, ' + 1 + 2', '2021-02-11 05:35:12', '2021-02-11 05:36:21'),
(567, 154, 9, 22, 28, 30, 3.00, ' + 1 + 2', '2021-02-11 05:35:12', '2021-02-11 05:36:21'),
(568, 153, 5, 22, 7, 30, 3.00, ' + 1 + 2', '2021-02-11 05:35:12', '2021-02-11 05:36:21'),
(569, 153, 5, 33, 10, 30, 3.00, ' + 1 + 2', '2021-02-11 05:35:12', '2021-02-11 05:36:21'),
(570, 153, 4, 27, 10, 30, 3.00, ' + 1 + 2', '2021-02-11 05:35:12', '2021-02-11 05:36:21'),
(571, 154, 7, 30, 30, 31, 3.00, ' + 1 + 1 + 1', '2021-02-11 05:35:12', '2021-02-11 05:36:31'),
(572, 154, 7, 15, 30, 31, 3.00, ' + 1 + 1 + 1', '2021-02-11 05:35:12', '2021-02-11 05:36:31'),
(573, 153, 8, 32, 9, 31, 3.00, ' + 1 + 1 + 1', '2021-02-11 05:35:12', '2021-02-11 05:36:31'),
(574, 153, 7, 22, 24, 31, 3.00, ' + 1 + 1 + 1', '2021-02-11 05:35:12', '2021-02-11 05:36:31'),
(575, 153, 6, 28, 11, 31, 3.00, ' + 1 + 1 + 1', '2021-02-11 05:35:12', '2021-02-11 05:36:31'),
(576, 153, 6, 15, 29, 31, 3.00, ' + 1 + 1 + 1', '2021-02-11 05:35:12', '2021-02-11 05:36:31'),
(577, 153, 4, 26, 14, 31, 3.00, ' + 1 + 1 + 1', '2021-02-11 05:35:12', '2021-02-11 05:36:31'),
(578, 154, 6, 28, 8, 31, 3.00, ' + 1 + 1 + 1', '2021-02-11 05:35:12', '2021-02-11 05:36:31'),
(579, 153, 7, 30, 9, 31, 3.00, ' + 1 + 1 + 1', '2021-02-11 05:35:12', '2021-02-11 05:36:31'),
(580, 154, 6, 33, 23, 31, 3.00, ' + 1 + 1 + 1', '2021-02-11 05:35:12', '2021-02-11 05:36:31'),
(581, 154, 9, 30, 9, 31, 3.00, ' + 1 + 1 + 1', '2021-02-11 05:35:12', '2021-02-11 05:36:31'),
(582, 153, 7, 15, 27, 31, 3.00, ' + 1 + 1 + 1', '2021-02-11 05:35:12', '2021-02-11 05:36:31'),
(583, 153, 5, 27, 11, 31, 3.00, ' + 1 + 1 + 1', '2021-02-11 05:35:12', '2021-02-11 05:36:31'),
(584, 154, 8, 22, 18, 31, 3.00, ' + 1 + 1 + 1', '2021-02-11 05:35:12', '2021-02-11 05:36:31'),
(585, 153, 6, 28, 8, 31, 3.00, ' + 1 + 1 + 1', '2021-02-11 05:35:12', '2021-02-11 05:36:31'),
(586, 153, 9, 27, 29, 31, 3.00, ' + 1 + 1 + 1', '2021-02-11 05:35:12', '2021-02-11 05:36:31'),
(587, 153, 4, 15, 15, 31, 3.00, ' + 1 + 1 + 1', '2021-02-11 05:35:12', '2021-02-11 05:36:31'),
(588, 154, 7, 22, 20, 31, 3.00, ' + 1 + 1 + 1', '2021-02-11 05:35:12', '2021-02-11 05:36:31'),
(589, 153, 8, 33, 23, 31, 3.00, ' + 1 + 1 + 1', '2021-02-11 05:35:12', '2021-02-11 05:36:31'),
(590, 153, 5, 32, 23, 32, 3.00, ' + 1 + 1 + 1', '2021-02-11 05:35:12', '2021-02-11 05:36:28'),
(591, 154, 8, 33, 17, 32, 3.00, ' + 1 + 1 + 1', '2021-02-11 05:35:12', '2021-02-11 05:36:28'),
(592, 154, 6, 30, 25, 32, 3.00, ' + 1 + 1 + 1', '2021-02-11 05:35:12', '2021-02-11 05:36:28'),
(593, 154, 8, 27, 29, 32, 3.00, ' + 1 + 1 + 1', '2021-02-11 05:35:12', '2021-02-11 05:36:28'),
(594, 153, 6, 30, 21, 32, 3.00, ' + 1 + 1 + 1', '2021-02-11 05:35:12', '2021-02-11 05:36:28'),
(595, 154, 7, 28, 14, 32, 3.00, ' + 1 + 1 + 1', '2021-02-11 05:35:13', '2021-02-11 05:36:28'),
(596, 154, 4, 26, 10, 32, 3.00, ' + 1 + 1 + 1', '2021-02-11 05:35:13', '2021-02-11 05:36:28'),
(597, 154, 9, 30, 7, 32, 3.00, ' + 1 + 1 + 1', '2021-02-11 05:35:13', '2021-02-11 05:36:28'),
(598, 153, 7, 30, 29, 32, 3.00, ' + 1 + 1 + 1', '2021-02-11 05:35:13', '2021-02-11 05:36:28'),
(599, 154, 5, 27, 28, 32, 3.00, ' + 1 + 1 + 1', '2021-02-11 05:35:13', '2021-02-11 05:36:28'),
(600, 154, 4, 22, 22, 32, 3.00, ' + 1 + 1 + 1', '2021-02-11 05:35:13', '2021-02-11 05:36:28'),
(601, 154, 4, 32, 10, 32, 3.00, ' + 1 + 1 + 1', '2021-02-11 05:35:13', '2021-02-11 05:36:28'),
(602, 153, 5, 32, 31, 32, 3.00, ' + 1 + 1 + 1', '2021-02-11 05:35:13', '2021-02-11 05:36:28'),
(603, 153, 4, 32, 16, 32, 3.00, ' + 1 + 1 + 1', '2021-02-11 05:35:13', '2021-02-11 05:36:28'),
(604, 153, 5, 30, 17, 32, 3.00, ' + 1 + 1 + 1', '2021-02-11 05:35:13', '2021-02-11 05:36:28'),
(605, 153, 4, 15, 20, 32, 3.00, ' + 1 + 1 + 1', '2021-02-11 05:35:13', '2021-02-11 05:36:28'),
(606, 154, 8, 30, 29, 32, 3.00, ' + 1 + 1 + 1', '2021-02-11 05:35:13', '2021-02-11 05:36:28'),
(607, 153, 8, 33, 21, 32, 3.00, ' + 1 + 1 + 1', '2021-02-11 05:35:13', '2021-02-11 05:36:28'),
(608, 154, 8, 26, 10, 32, 3.00, ' + 1 + 1 + 1', '2021-02-11 05:35:13', '2021-02-11 05:36:28'),
(609, 154, 6, 26, 8, 33, 4.00, ' + 1 + 1 + 1 + 1', '2021-02-11 05:35:13', '2021-02-11 05:36:28'),
(610, 154, 6, 28, 16, 33, 4.00, ' + 1 + 1 + 1 + 1', '2021-02-11 05:35:13', '2021-02-11 05:36:28'),
(611, 154, 5, 26, 10, 33, 4.00, ' + 1 + 1 + 1 + 1', '2021-02-11 05:35:13', '2021-02-11 05:36:28'),
(612, 153, 8, 28, 17, 33, 4.00, ' + 1 + 1 + 1 + 1', '2021-02-11 05:35:13', '2021-02-11 05:36:28'),
(613, 154, 6, 15, 26, 33, 4.00, ' + 1 + 1 + 1 + 1', '2021-02-11 05:35:13', '2021-02-11 05:36:28'),
(614, 154, 6, 33, 9, 33, 4.00, ' + 1 + 1 + 1 + 1', '2021-02-11 05:35:13', '2021-02-11 05:36:28'),
(615, 153, 7, 27, 15, 33, 4.00, ' + 1 + 1 + 1 + 1', '2021-02-11 05:35:13', '2021-02-11 05:36:28'),
(616, 154, 8, 27, 13, 33, 4.00, ' + 1 + 1 + 1 + 1', '2021-02-11 05:35:13', '2021-02-11 05:36:28'),
(617, 154, 8, 26, 21, 33, 4.00, ' + 1 + 1 + 1 + 1', '2021-02-11 05:35:13', '2021-02-11 05:36:28'),
(618, 154, 4, 33, 24, 33, 4.00, ' + 1 + 1 + 1 + 1', '2021-02-11 05:35:13', '2021-02-11 05:36:28'),
(619, 154, 7, 33, 12, 33, 4.00, ' + 1 + 1 + 1 + 1', '2021-02-11 05:35:13', '2021-02-11 05:36:28'),
(620, 154, 9, 30, 21, 33, 4.00, ' + 1 + 1 + 1 + 1', '2021-02-11 05:35:13', '2021-02-11 05:36:29'),
(621, 154, 8, 27, 16, 33, 4.00, ' + 1 + 1 + 1 + 1', '2021-02-11 05:35:13', '2021-02-11 05:36:29'),
(622, 154, 4, 33, 31, 33, 4.00, ' + 1 + 1 + 1 + 1', '2021-02-11 05:35:13', '2021-02-11 05:36:29'),
(623, 153, 6, 28, 28, 33, 4.00, ' + 1 + 1 + 1 + 1', '2021-02-11 05:35:13', '2021-02-11 05:36:29'),
(624, 154, 5, 22, 26, 33, 4.00, ' + 1 + 1 + 1 + 1', '2021-02-11 05:35:13', '2021-02-11 05:36:29'),
(625, 154, 9, 33, 21, 33, 4.00, ' + 1 + 1 + 1 + 1', '2021-02-11 05:35:13', '2021-02-11 05:36:29'),
(626, 154, 7, 30, 12, 33, 4.00, ' + 1 + 1 + 1 + 1', '2021-02-11 05:35:13', '2021-02-11 05:36:29'),
(627, 153, 5, 26, 11, 33, 4.00, ' + 1 + 1 + 1 + 1', '2021-02-11 05:35:13', '2021-02-11 05:36:29'),
(628, 153, 4, 22, 20, 34, 3.00, ' + 1 + 1 + 1', '2021-02-11 05:35:13', '2021-02-11 05:36:15'),
(629, 153, 6, 30, 29, 34, 3.00, ' + 1 + 1 + 1', '2021-02-11 05:35:13', '2021-02-11 05:36:15'),
(630, 153, 9, 26, 30, 34, 3.00, ' + 1 + 1 + 1', '2021-02-11 05:35:13', '2021-02-11 05:36:15'),
(631, 153, 9, 26, 31, 34, 3.00, ' + 1 + 1 + 1', '2021-02-11 05:35:13', '2021-02-11 05:36:15'),
(632, 154, 6, 28, 10, 34, 3.00, ' + 1 + 1 + 1', '2021-02-11 05:35:13', '2021-02-11 05:36:15'),
(633, 153, 5, 26, 17, 34, 3.00, ' + 1 + 1 + 1', '2021-02-11 05:35:13', '2021-02-11 05:36:15'),
(634, 154, 6, 22, 19, 34, 3.00, ' + 1 + 1 + 1', '2021-02-11 05:35:13', '2021-02-11 05:36:15'),
(635, 153, 9, 33, 17, 34, 3.00, ' + 1 + 1 + 1', '2021-02-11 05:35:13', '2021-02-11 05:36:15'),
(636, 153, 5, 30, 9, 34, 3.00, ' + 1 + 1 + 1', '2021-02-11 05:35:13', '2021-02-11 05:36:15'),
(637, 153, 5, 30, 25, 34, 3.00, ' + 1 + 1 + 1', '2021-02-11 05:35:13', '2021-02-11 05:36:15'),
(638, 153, 6, 15, 21, 34, 3.00, ' + 1 + 1 + 1', '2021-02-11 05:35:13', '2021-02-11 05:36:15'),
(639, 154, 4, 22, 7, 34, 3.00, ' + 1 + 1 + 1', '2021-02-11 05:35:13', '2021-02-11 05:36:15'),
(640, 153, 8, 27, 26, 34, 3.00, ' + 1 + 1 + 1', '2021-02-11 05:35:13', '2021-02-11 05:36:15'),
(641, 153, 7, 32, 8, 34, 3.00, ' + 1 + 1 + 1', '2021-02-11 05:35:14', '2021-02-11 05:36:15'),
(642, 154, 5, 30, 10, 34, 3.00, ' + 1 + 1 + 1', '2021-02-11 05:35:14', '2021-02-11 05:36:15'),
(643, 153, 7, 30, 24, 34, 3.00, ' + 1 + 1 + 1', '2021-02-11 05:35:14', '2021-02-11 05:36:15'),
(644, 154, 8, 26, 21, 34, 3.00, ' + 1 + 1 + 1', '2021-02-11 05:35:14', '2021-02-11 05:36:15'),
(645, 154, 6, 28, 11, 34, 3.00, ' + 1 + 1 + 1', '2021-02-11 05:35:14', '2021-02-11 05:36:15'),
(646, 153, 8, 15, 7, 34, 3.00, ' + 1 + 1 + 1', '2021-02-11 05:35:14', '2021-02-11 05:36:15'),
(647, 154, 7, 15, 22, 35, 3.00, ' + 1 + 1 + 1', '2021-02-11 05:35:14', '2021-02-11 05:36:21'),
(648, 153, 8, 28, 24, 35, 3.00, ' + 1 + 1 + 1', '2021-02-11 05:35:14', '2021-02-11 05:36:21'),
(649, 154, 6, 32, 15, 35, 3.00, ' + 1 + 1 + 1', '2021-02-11 05:35:14', '2021-02-11 05:36:21'),
(650, 153, 7, 28, 19, 35, 3.00, ' + 1 + 1 + 1', '2021-02-11 05:35:14', '2021-02-11 05:36:21'),
(651, 154, 7, 32, 12, 35, 3.00, ' + 1 + 1 + 1', '2021-02-11 05:35:14', '2021-02-11 05:36:21'),
(652, 153, 4, 32, 27, 35, 3.00, ' + 1 + 1 + 1', '2021-02-11 05:35:14', '2021-02-11 05:36:21'),
(653, 154, 9, 28, 24, 35, 3.00, ' + 1 + 1 + 1', '2021-02-11 05:35:14', '2021-02-11 05:36:21'),
(654, 154, 5, 26, 13, 35, 3.00, ' + 1 + 1 + 1', '2021-02-11 05:35:14', '2021-02-11 05:36:21'),
(655, 153, 4, 32, 26, 35, 3.00, ' + 1 + 1 + 1', '2021-02-11 05:35:14', '2021-02-11 05:36:21'),
(656, 153, 7, 32, 14, 35, 3.00, ' + 1 + 1 + 1', '2021-02-11 05:35:14', '2021-02-11 05:36:21'),
(657, 154, 6, 28, 30, 35, 3.00, ' + 1 + 1 + 1', '2021-02-11 05:35:14', '2021-02-11 05:36:21'),
(658, 154, 5, 32, 16, 35, 3.00, ' + 1 + 1 + 1', '2021-02-11 05:35:14', '2021-02-11 05:36:21'),
(659, 153, 5, 33, 28, 35, 3.00, ' + 1 + 1 + 1', '2021-02-11 05:35:14', '2021-02-11 05:36:21'),
(660, 153, 7, 33, 27, 35, 3.00, ' + 1 + 1 + 1', '2021-02-11 05:35:14', '2021-02-11 05:36:21'),
(661, 154, 7, 22, 13, 35, 3.00, ' + 1 + 1 + 1', '2021-02-11 05:35:14', '2021-02-11 05:36:21'),
(662, 153, 4, 28, 19, 35, 3.00, ' + 1 + 1 + 1', '2021-02-11 05:35:14', '2021-02-11 05:36:21'),
(663, 154, 5, 32, 12, 35, 3.00, ' + 1 + 1 + 1', '2021-02-11 05:35:14', '2021-02-11 05:36:21'),
(664, 154, 9, 28, 26, 35, 3.00, ' + 1 + 1 + 1', '2021-02-11 05:35:14', '2021-02-11 05:36:21'),
(665, 154, 5, 27, 18, 35, 3.00, ' + 1 + 1 + 1', '2021-02-11 05:35:14', '2021-02-11 05:36:21'),
(666, 154, 5, 32, 25, 36, 1.00, ' + 1', '2021-02-11 05:35:14', '2021-02-11 05:36:22'),
(667, 153, 5, 30, 9, 36, 1.00, ' + 1', '2021-02-11 05:35:14', '2021-02-11 05:36:22'),
(668, 154, 7, 26, 23, 36, 1.00, ' + 1', '2021-02-11 05:35:14', '2021-02-11 05:36:22'),
(669, 154, 8, 30, 26, 36, 1.00, ' + 1', '2021-02-11 05:35:14', '2021-02-11 05:36:22'),
(670, 154, 9, 32, 19, 36, 1.00, ' + 1', '2021-02-11 05:35:14', '2021-02-11 05:36:22'),
(671, 153, 8, 26, 14, 36, 1.00, ' + 1', '2021-02-11 05:35:14', '2021-02-11 05:36:22'),
(672, 154, 9, 33, 7, 36, 1.00, ' + 1', '2021-02-11 05:35:14', '2021-02-11 05:36:22'),
(673, 154, 5, 22, 11, 36, 1.00, ' + 1', '2021-02-11 05:35:14', '2021-02-11 05:36:22'),
(674, 153, 8, 27, 25, 36, 1.00, ' + 1', '2021-02-11 05:35:14', '2021-02-11 05:36:22'),
(675, 154, 8, 32, 8, 36, 1.00, ' + 1', '2021-02-11 05:35:14', '2021-02-11 05:36:22'),
(676, 154, 4, 32, 13, 36, 1.00, ' + 1', '2021-02-11 05:35:14', '2021-02-11 05:36:22'),
(677, 153, 6, 30, 25, 36, 1.00, ' + 1', '2021-02-11 05:35:14', '2021-02-11 05:36:22'),
(678, 153, 7, 15, 17, 36, 1.00, ' + 1', '2021-02-11 05:35:14', '2021-02-11 05:36:22'),
(679, 153, 9, 26, 25, 36, 1.00, ' + 1', '2021-02-11 05:35:14', '2021-02-11 05:36:22'),
(680, 154, 9, 32, 20, 36, 1.00, ' + 1', '2021-02-11 05:35:14', '2021-02-11 05:36:22'),
(681, 153, 4, 32, 28, 36, 1.00, ' + 1', '2021-02-11 05:35:14', '2021-02-11 05:36:22'),
(682, 154, 5, 15, 16, 36, 1.00, ' + 1', '2021-02-11 05:35:14', '2021-02-11 05:36:22'),
(683, 153, 6, 28, 22, 36, 1.00, ' + 1', '2021-02-11 05:35:14', '2021-02-11 05:36:22'),
(684, 154, 6, 26, 13, 36, 1.00, ' + 1', '2021-02-11 05:35:14', '2021-02-11 05:36:22'),
(685, 154, 5, 22, 26, 37, 1.00, ' + 1', '2021-02-11 05:35:14', '2021-02-11 05:36:26'),
(686, 154, 7, 28, 7, 37, 1.00, ' + 1', '2021-02-11 05:35:15', '2021-02-11 05:36:26'),
(687, 153, 5, 22, 19, 37, 1.00, ' + 1', '2021-02-11 05:35:15', '2021-02-11 05:36:26'),
(688, 154, 8, 22, 8, 37, 1.00, ' + 1', '2021-02-11 05:35:15', '2021-02-11 05:36:26'),
(689, 154, 6, 22, 8, 37, 1.00, ' + 1', '2021-02-11 05:35:15', '2021-02-11 05:36:26'),
(690, 154, 8, 26, 20, 37, 1.00, ' + 1', '2021-02-11 05:35:15', '2021-02-11 05:36:26'),
(691, 154, 9, 33, 25, 37, 1.00, ' + 1', '2021-02-11 05:35:15', '2021-02-11 05:36:26'),
(692, 154, 7, 15, 13, 37, 1.00, ' + 1', '2021-02-11 05:35:15', '2021-02-11 05:36:26'),
(693, 154, 7, 27, 7, 37, 1.00, ' + 1', '2021-02-11 05:35:15', '2021-02-11 05:36:26'),
(694, 154, 4, 32, 26, 37, 1.00, ' + 1', '2021-02-11 05:35:15', '2021-02-11 05:36:26'),
(695, 153, 7, 15, 21, 37, 1.00, ' + 1', '2021-02-11 05:35:15', '2021-02-11 05:36:26'),
(696, 154, 6, 30, 14, 37, 1.00, ' + 1', '2021-02-11 05:35:15', '2021-02-11 05:36:26'),
(697, 153, 8, 32, 11, 37, 1.00, ' + 1', '2021-02-11 05:35:15', '2021-02-11 05:36:26'),
(698, 154, 6, 33, 21, 37, 1.00, ' + 1', '2021-02-11 05:35:15', '2021-02-11 05:36:26'),
(699, 154, 6, 27, 17, 37, 1.00, ' + 1', '2021-02-11 05:35:15', '2021-02-11 05:36:27'),
(700, 153, 6, 27, 28, 37, 1.00, ' + 1', '2021-02-11 05:35:15', '2021-02-11 05:36:27'),
(701, 154, 5, 27, 8, 37, 1.00, ' + 1', '2021-02-11 05:35:15', '2021-02-11 05:36:27'),
(702, 154, 5, 26, 29, 37, 1.00, ' + 1', '2021-02-11 05:35:15', '2021-02-11 05:36:27'),
(703, 153, 4, 30, 15, 37, 1.00, ' + 1', '2021-02-11 05:35:15', '2021-02-11 05:36:27'),
(704, 153, 7, 15, 24, 38, 1.00, ' + 1', '2021-02-11 05:35:15', '2021-02-11 05:36:05'),
(705, 153, 8, 30, 16, 38, 1.00, ' + 1', '2021-02-11 05:35:15', '2021-02-11 05:36:05'),
(706, 154, 5, 15, 16, 38, 1.00, ' + 1', '2021-02-11 05:35:15', '2021-02-11 05:36:05'),
(707, 154, 5, 30, 27, 38, 1.00, ' + 1', '2021-02-11 05:35:15', '2021-02-11 05:36:05'),
(708, 153, 6, 28, 9, 38, 1.00, ' + 1', '2021-02-11 05:35:15', '2021-02-11 05:36:05'),
(709, 153, 5, 15, 11, 38, 1.00, ' + 1', '2021-02-11 05:35:15', '2021-02-11 05:36:05'),
(710, 153, 6, 27, 22, 38, 1.00, ' + 1', '2021-02-11 05:35:15', '2021-02-11 05:36:05'),
(711, 153, 8, 22, 29, 38, 1.00, ' + 1', '2021-02-11 05:35:15', '2021-02-11 05:36:05'),
(712, 154, 6, 27, 10, 38, 1.00, ' + 1', '2021-02-11 05:35:15', '2021-02-11 05:36:05'),
(713, 154, 8, 26, 26, 38, 1.00, ' + 1', '2021-02-11 05:35:15', '2021-02-11 05:36:05'),
(714, 153, 6, 26, 27, 38, 1.00, ' + 1', '2021-02-11 05:35:15', '2021-02-11 05:36:05'),
(715, 153, 6, 28, 29, 38, 1.00, ' + 1', '2021-02-11 05:35:15', '2021-02-11 05:36:05'),
(716, 153, 7, 22, 11, 38, 1.00, ' + 1', '2021-02-11 05:35:15', '2021-02-11 05:36:05'),
(717, 154, 6, 15, 7, 38, 1.00, ' + 1', '2021-02-11 05:35:15', '2021-02-11 05:36:05'),
(718, 154, 8, 15, 8, 38, 1.00, ' + 1', '2021-02-11 05:35:15', '2021-02-11 05:36:05'),
(719, 154, 4, 26, 8, 38, 1.00, ' + 1', '2021-02-11 05:35:15', '2021-02-11 05:36:05'),
(720, 154, 6, 26, 14, 38, 1.00, ' + 1', '2021-02-11 05:35:15', '2021-02-11 05:36:05'),
(721, 154, 9, 30, 24, 38, 1.00, ' + 1', '2021-02-11 05:35:15', '2021-02-11 05:36:05'),
(722, 153, 9, 27, 14, 38, 1.00, ' + 1', '2021-02-11 05:35:15', '2021-02-11 05:36:05'),
(723, 154, 5, 30, 19, 39, 1.00, ' + 1', '2021-02-11 05:35:16', '2021-02-11 05:36:12'),
(724, 154, 9, 15, 13, 39, 1.00, ' + 1', '2021-02-11 05:35:16', '2021-02-11 05:36:12'),
(725, 153, 8, 28, 20, 39, 1.00, ' + 1', '2021-02-11 05:35:16', '2021-02-11 05:36:12'),
(726, 153, 5, 33, 30, 39, 1.00, ' + 1', '2021-02-11 05:35:16', '2021-02-11 05:36:12'),
(727, 153, 9, 30, 17, 39, 1.00, ' + 1', '2021-02-11 05:35:16', '2021-02-11 05:36:12'),
(728, 153, 8, 32, 27, 39, 1.00, ' + 1', '2021-02-11 05:35:16', '2021-02-11 05:36:12'),
(729, 153, 6, 32, 20, 39, 1.00, ' + 1', '2021-02-11 05:35:16', '2021-02-11 05:36:12'),
(730, 153, 7, 33, 9, 39, 1.00, ' + 1', '2021-02-11 05:35:16', '2021-02-11 05:36:12'),
(731, 153, 5, 22, 20, 39, 1.00, ' + 1', '2021-02-11 05:35:16', '2021-02-11 05:36:12'),
(732, 154, 5, 26, 30, 39, 1.00, ' + 1', '2021-02-11 05:35:16', '2021-02-11 05:36:12'),
(733, 154, 8, 22, 28, 39, 1.00, ' + 1', '2021-02-11 05:35:16', '2021-02-11 05:36:12'),
(734, 153, 4, 26, 17, 39, 1.00, ' + 1', '2021-02-11 05:35:16', '2021-02-11 05:36:12'),
(735, 153, 5, 27, 8, 39, 1.00, ' + 1', '2021-02-11 05:35:16', '2021-02-11 05:36:12'),
(736, 153, 9, 28, 8, 39, 1.00, ' + 1', '2021-02-11 05:35:16', '2021-02-11 05:36:12'),
(737, 154, 5, 26, 23, 39, 1.00, ' + 1', '2021-02-11 05:35:16', '2021-02-11 05:36:12'),
(738, 153, 7, 26, 16, 39, 1.00, ' + 1', '2021-02-11 05:35:16', '2021-02-11 05:36:12'),
(739, 154, 4, 28, 25, 39, 1.00, ' + 1', '2021-02-11 05:35:16', '2021-02-11 05:36:12'),
(740, 154, 8, 28, 15, 39, 1.00, ' + 1', '2021-02-11 05:35:16', '2021-02-11 05:36:12'),
(741, 154, 9, 28, 20, 39, 1.00, ' + 1', '2021-02-11 05:35:16', '2021-02-11 05:36:12'),
(742, 153, 8, 27, 22, 40, 3.00, ' + 1 + 2', '2021-02-11 05:35:16', '2021-02-11 05:36:20'),
(743, 154, 6, 22, 14, 40, 3.00, ' + 1 + 2', '2021-02-11 05:35:16', '2021-02-11 05:36:20'),
(744, 153, 5, 27, 9, 40, 3.00, ' + 1 + 2', '2021-02-11 05:35:16', '2021-02-11 05:36:20'),
(745, 153, 8, 22, 28, 40, 3.00, ' + 1 + 2', '2021-02-11 05:35:16', '2021-02-11 05:36:20'),
(746, 154, 8, 33, 28, 40, 3.00, ' + 1 + 2', '2021-02-11 05:35:16', '2021-02-11 05:36:20'),
(747, 153, 6, 26, 22, 40, 3.00, ' + 1 + 2', '2021-02-11 05:35:16', '2021-02-11 05:36:20'),
(748, 154, 8, 33, 9, 40, 3.00, ' + 1 + 2', '2021-02-11 05:35:16', '2021-02-11 05:36:20'),
(749, 153, 8, 15, 23, 40, 3.00, ' + 1 + 2', '2021-02-11 05:35:16', '2021-02-11 05:36:20'),
(750, 154, 7, 27, 20, 40, 3.00, ' + 1 + 2', '2021-02-11 05:35:16', '2021-02-11 05:36:20'),
(751, 154, 4, 26, 24, 40, 3.00, ' + 1 + 2', '2021-02-11 05:35:16', '2021-02-11 05:36:20'),
(752, 154, 8, 33, 15, 40, 3.00, ' + 1 + 2', '2021-02-11 05:35:16', '2021-02-11 05:36:20'),
(753, 153, 5, 27, 10, 40, 3.00, ' + 1 + 2', '2021-02-11 05:35:16', '2021-02-11 05:36:20'),
(754, 154, 6, 30, 13, 40, 3.00, ' + 1 + 2', '2021-02-11 05:35:16', '2021-02-11 05:36:20'),
(755, 153, 4, 28, 28, 40, 3.00, ' + 1 + 2', '2021-02-11 05:35:16', '2021-02-11 05:36:20'),
(756, 153, 6, 22, 19, 40, 3.00, ' + 1 + 2', '2021-02-11 05:35:16', '2021-02-11 05:36:20'),
(757, 153, 8, 28, 8, 40, 3.00, ' + 1 + 2', '2021-02-11 05:35:16', '2021-02-11 05:36:20'),
(758, 154, 4, 22, 19, 40, 3.00, ' + 1 + 2', '2021-02-11 05:35:16', '2021-02-11 05:36:20'),
(759, 153, 8, 30, 18, 40, 3.00, ' + 1 + 2', '2021-02-11 05:35:16', '2021-02-11 05:36:20'),
(760, 153, 7, 26, 13, 40, 3.00, ' + 1 + 2', '2021-02-11 05:35:16', '2021-02-11 05:36:20'),
(761, 154, 4, 30, 31, 41, 3.00, ' + 1 + 1 + 1', '2021-02-11 05:35:16', '2021-02-11 05:36:25'),
(762, 153, 8, 28, 17, 41, 3.00, ' + 1 + 1 + 1', '2021-02-11 05:35:16', '2021-02-11 05:36:25'),
(763, 154, 7, 30, 21, 41, 3.00, ' + 1 + 1 + 1', '2021-02-11 05:35:16', '2021-02-11 05:36:25'),
(764, 154, 6, 15, 21, 41, 3.00, ' + 1 + 1 + 1', '2021-02-11 05:35:16', '2021-02-11 05:36:25'),
(765, 153, 5, 27, 21, 41, 3.00, ' + 1 + 1 + 1', '2021-02-11 05:35:16', '2021-02-11 05:36:25'),
(766, 154, 5, 15, 16, 41, 3.00, ' + 1 + 1 + 1', '2021-02-11 05:35:16', '2021-02-11 05:36:25'),
(767, 153, 8, 27, 24, 41, 3.00, ' + 1 + 1 + 1', '2021-02-11 05:35:16', '2021-02-11 05:36:25'),
(768, 153, 7, 30, 31, 41, 3.00, ' + 1 + 1 + 1', '2021-02-11 05:35:16', '2021-02-11 05:36:25'),
(769, 154, 8, 28, 22, 41, 3.00, ' + 1 + 1 + 1', '2021-02-11 05:35:17', '2021-02-11 05:36:25'),
(770, 153, 9, 33, 24, 41, 3.00, ' + 1 + 1 + 1', '2021-02-11 05:35:17', '2021-02-11 05:36:25'),
(771, 153, 9, 15, 24, 41, 3.00, ' + 1 + 1 + 1', '2021-02-11 05:35:17', '2021-02-11 05:36:25'),
(772, 154, 6, 28, 7, 41, 3.00, ' + 1 + 1 + 1', '2021-02-11 05:35:17', '2021-02-11 05:36:25'),
(773, 154, 4, 26, 8, 41, 3.00, ' + 1 + 1 + 1', '2021-02-11 05:35:17', '2021-02-11 05:36:25'),
(774, 153, 4, 26, 29, 41, 3.00, ' + 1 + 1 + 1', '2021-02-11 05:35:17', '2021-02-11 05:36:25'),
(775, 154, 6, 28, 19, 41, 3.00, ' + 1 + 1 + 1', '2021-02-11 05:35:17', '2021-02-11 05:36:25'),
(776, 154, 5, 22, 27, 41, 3.00, ' + 1 + 1 + 1', '2021-02-11 05:35:17', '2021-02-11 05:36:25'),
(777, 153, 9, 28, 17, 41, 3.00, ' + 1 + 1 + 1', '2021-02-11 05:35:17', '2021-02-11 05:36:25'),
(778, 154, 5, 26, 13, 41, 3.00, ' + 1 + 1 + 1', '2021-02-11 05:35:17', '2021-02-11 05:36:25'),
(779, 154, 7, 30, 29, 41, 3.00, ' + 1 + 1 + 1', '2021-02-11 05:35:17', '2021-02-11 05:36:25'),
(780, 154, 4, 22, 19, 42, 2.00, ' + 1 + 1', '2021-02-11 05:35:17', '2021-02-11 05:36:08'),
(781, 153, 4, 22, 10, 42, 2.00, ' + 1 + 1', '2021-02-11 05:35:17', '2021-02-11 05:36:08'),
(782, 153, 5, 26, 16, 42, 2.00, ' + 1 + 1', '2021-02-11 05:35:17', '2021-02-11 05:36:08'),
(783, 154, 7, 28, 17, 42, 2.00, ' + 1 + 1', '2021-02-11 05:35:17', '2021-02-11 05:36:08'),
(784, 153, 7, 28, 12, 42, 2.00, ' + 1 + 1', '2021-02-11 05:35:17', '2021-02-11 05:36:08'),
(785, 154, 5, 28, 11, 42, 2.00, ' + 1 + 1', '2021-02-11 05:35:17', '2021-02-11 05:36:08'),
(786, 154, 8, 22, 28, 42, 2.00, ' + 1 + 1', '2021-02-11 05:35:17', '2021-02-11 05:36:08'),
(787, 153, 9, 28, 28, 42, 2.00, ' + 1 + 1', '2021-02-11 05:35:17', '2021-02-11 05:36:08'),
(788, 153, 5, 28, 8, 42, 2.00, ' + 1 + 1', '2021-02-11 05:35:17', '2021-02-11 05:36:08'),
(789, 153, 4, 30, 17, 42, 2.00, ' + 1 + 1', '2021-02-11 05:35:17', '2021-02-11 05:36:08'),
(790, 154, 5, 22, 18, 42, 2.00, ' + 1 + 1', '2021-02-11 05:35:17', '2021-02-11 05:36:08'),
(791, 153, 5, 28, 19, 42, 2.00, ' + 1 + 1', '2021-02-11 05:35:17', '2021-02-11 05:36:08'),
(792, 153, 8, 26, 15, 42, 2.00, ' + 1 + 1', '2021-02-11 05:35:17', '2021-02-11 05:36:08'),
(793, 154, 4, 26, 7, 42, 2.00, ' + 1 + 1', '2021-02-11 05:35:17', '2021-02-11 05:36:08'),
(794, 154, 5, 30, 7, 42, 2.00, ' + 1 + 1', '2021-02-11 05:35:17', '2021-02-11 05:36:08'),
(795, 154, 4, 32, 26, 42, 2.00, ' + 1 + 1', '2021-02-11 05:35:17', '2021-02-11 05:36:08'),
(796, 153, 5, 27, 29, 42, 2.00, ' + 1 + 1', '2021-02-11 05:35:17', '2021-02-11 05:36:08'),
(797, 153, 8, 33, 21, 42, 2.00, ' + 1 + 1', '2021-02-11 05:35:17', '2021-02-11 05:36:08'),
(798, 153, 8, 33, 7, 42, 2.00, ' + 1 + 1', '2021-02-11 05:35:17', '2021-02-11 05:36:08'),
(799, 154, 8, 26, 21, 43, 3.00, ' + 1 + 1 + 1', '2021-02-11 05:35:17', '2021-02-11 05:36:23'),
(800, 154, 4, 30, 31, 43, 3.00, ' + 1 + 1 + 1', '2021-02-11 05:35:17', '2021-02-11 05:36:23'),
(801, 154, 4, 33, 25, 43, 3.00, ' + 1 + 1 + 1', '2021-02-11 05:35:17', '2021-02-11 05:36:23'),
(802, 154, 8, 22, 23, 43, 3.00, ' + 1 + 1 + 1', '2021-02-11 05:35:17', '2021-02-11 05:36:23'),
(803, 153, 4, 26, 27, 43, 3.00, ' + 1 + 1 + 1', '2021-02-11 05:35:17', '2021-02-11 05:36:23'),
(804, 153, 5, 32, 15, 43, 3.00, ' + 1 + 1 + 1', '2021-02-11 05:35:17', '2021-02-11 05:36:23'),
(805, 154, 7, 27, 7, 43, 3.00, ' + 1 + 1 + 1', '2021-02-11 05:35:17', '2021-02-11 05:36:23'),
(806, 154, 6, 28, 27, 43, 3.00, ' + 1 + 1 + 1', '2021-02-11 05:35:18', '2021-02-11 05:36:23'),
(807, 154, 7, 32, 21, 43, 3.00, ' + 1 + 1 + 1', '2021-02-11 05:35:18', '2021-02-11 05:36:23'),
(808, 153, 5, 26, 24, 43, 3.00, ' + 1 + 1 + 1', '2021-02-11 05:35:18', '2021-02-11 05:36:23'),
(809, 154, 4, 22, 29, 43, 3.00, ' + 1 + 1 + 1', '2021-02-11 05:35:18', '2021-02-11 05:36:23'),
(810, 154, 8, 30, 20, 43, 3.00, ' + 1 + 1 + 1', '2021-02-11 05:35:18', '2021-02-11 05:36:23'),
(811, 153, 5, 27, 7, 43, 3.00, ' + 1 + 1 + 1', '2021-02-11 05:35:18', '2021-02-11 05:36:23'),
(812, 154, 9, 15, 10, 43, 3.00, ' + 1 + 1 + 1', '2021-02-11 05:35:18', '2021-02-11 05:36:23'),
(813, 153, 7, 15, 28, 43, 3.00, ' + 1 + 1 + 1', '2021-02-11 05:35:18', '2021-02-11 05:36:23'),
(814, 154, 4, 33, 28, 43, 3.00, ' + 1 + 1 + 1', '2021-02-11 05:35:18', '2021-02-11 05:36:23'),
(815, 154, 6, 28, 31, 43, 3.00, ' + 1 + 1 + 1', '2021-02-11 05:35:18', '2021-02-11 05:36:23'),
(816, 153, 5, 28, 15, 43, 3.00, ' + 1 + 1 + 1', '2021-02-11 05:35:18', '2021-02-11 05:36:23'),
(817, 153, 6, 33, 8, 43, 3.00, ' + 1 + 1 + 1', '2021-02-11 05:35:18', '2021-02-11 05:36:23'),
(818, 153, 5, 33, 20, 44, 2.00, ' + 1 + 1', '2021-02-11 05:35:18', '2021-02-11 05:36:24'),
(819, 154, 6, 30, 21, 44, 2.00, ' + 1 + 1', '2021-02-11 05:35:18', '2021-02-11 05:36:24'),
(820, 153, 6, 32, 29, 44, 2.00, ' + 1 + 1', '2021-02-11 05:35:18', '2021-02-11 05:36:24'),
(821, 154, 9, 15, 25, 44, 2.00, ' + 1 + 1', '2021-02-11 05:35:18', '2021-02-11 05:36:24'),
(822, 154, 4, 15, 25, 44, 2.00, ' + 1 + 1', '2021-02-11 05:35:18', '2021-02-11 05:36:24'),
(823, 153, 6, 27, 29, 44, 2.00, ' + 1 + 1', '2021-02-11 05:35:18', '2021-02-11 05:36:24'),
(824, 154, 4, 33, 9, 44, 2.00, ' + 1 + 1', '2021-02-11 05:35:18', '2021-02-11 05:36:24'),
(825, 153, 7, 32, 24, 44, 2.00, ' + 1 + 1', '2021-02-11 05:35:18', '2021-02-11 05:36:24'),
(826, 154, 7, 32, 29, 44, 2.00, ' + 1 + 1', '2021-02-11 05:35:18', '2021-02-11 05:36:24'),
(827, 154, 7, 15, 23, 44, 2.00, ' + 1 + 1', '2021-02-11 05:35:18', '2021-02-11 05:36:24'),
(828, 154, 9, 30, 28, 44, 2.00, ' + 1 + 1', '2021-02-11 05:35:18', '2021-02-11 05:36:24'),
(829, 153, 4, 15, 27, 44, 2.00, ' + 1 + 1', '2021-02-11 05:35:18', '2021-02-11 05:36:24'),
(830, 153, 9, 27, 8, 44, 2.00, ' + 1 + 1', '2021-02-11 05:35:18', '2021-02-11 05:36:24'),
(831, 154, 8, 33, 28, 44, 2.00, ' + 1 + 1', '2021-02-11 05:35:18', '2021-02-11 05:36:24'),
(832, 153, 4, 15, 19, 44, 2.00, ' + 1 + 1', '2021-02-11 05:35:18', '2021-02-11 05:36:24'),
(833, 153, 8, 32, 18, 44, 2.00, ' + 1 + 1', '2021-02-11 05:35:18', '2021-02-11 05:36:24'),
(834, 154, 5, 32, 31, 44, 2.00, ' + 1 + 1', '2021-02-11 05:35:18', '2021-02-11 05:36:24'),
(835, 153, 6, 15, 22, 44, 2.00, ' + 1 + 1', '2021-02-11 05:35:18', '2021-02-11 05:36:24'),
(836, 153, 9, 22, 10, 44, 2.00, ' + 1 + 1', '2021-02-11 05:35:18', '2021-02-11 05:36:24'),
(837, 154, 9, 28, 15, 45, 5.00, ' + 1 + 1 + 1 + 1 + 1', '2021-02-11 05:35:18', '2021-02-11 05:36:29'),
(838, 153, 8, 22, 13, 45, 5.00, ' + 1 + 1 + 1 + 1 + 1', '2021-02-11 05:35:18', '2021-02-11 05:36:29'),
(839, 153, 7, 15, 25, 45, 5.00, ' + 1 + 1 + 1 + 1 + 1', '2021-02-11 05:35:18', '2021-02-11 05:36:29'),
(840, 154, 5, 30, 14, 45, 5.00, ' + 1 + 1 + 1 + 1 + 1', '2021-02-11 05:35:18', '2021-02-11 05:36:29'),
(841, 154, 5, 28, 10, 45, 5.00, ' + 1 + 1 + 1 + 1 + 1', '2021-02-11 05:35:18', '2021-02-11 05:36:29'),
(842, 153, 7, 33, 16, 45, 5.00, ' + 1 + 1 + 1 + 1 + 1', '2021-02-11 05:35:18', '2021-02-11 05:36:29'),
(843, 154, 5, 22, 27, 45, 5.00, ' + 1 + 1 + 1 + 1 + 1', '2021-02-11 05:35:18', '2021-02-11 05:36:29'),
(844, 153, 8, 22, 12, 45, 5.00, ' + 1 + 1 + 1 + 1 + 1', '2021-02-11 05:35:18', '2021-02-11 05:36:29'),
(845, 153, 4, 15, 12, 45, 5.00, ' + 1 + 1 + 1 + 1 + 1', '2021-02-11 05:35:18', '2021-02-11 05:36:29'),
(846, 154, 8, 32, 30, 45, 5.00, ' + 1 + 1 + 1 + 1 + 1', '2021-02-11 05:35:18', '2021-02-11 05:36:29'),
(847, 153, 5, 22, 27, 45, 5.00, ' + 1 + 1 + 1 + 1 + 1', '2021-02-11 05:35:18', '2021-02-11 05:36:29'),
(848, 154, 5, 22, 30, 45, 5.00, ' + 1 + 1 + 1 + 1 + 1', '2021-02-11 05:35:18', '2021-02-11 05:36:29'),
(849, 154, 9, 28, 16, 45, 5.00, ' + 1 + 1 + 1 + 1 + 1', '2021-02-11 05:35:18', '2021-02-11 05:36:29'),
(850, 153, 4, 27, 26, 45, 5.00, ' + 1 + 1 + 1 + 1 + 1', '2021-02-11 05:35:18', '2021-02-11 05:36:29'),
(851, 153, 4, 15, 28, 45, 5.00, ' + 1 + 1 + 1 + 1 + 1', '2021-02-11 05:35:18', '2021-02-11 05:36:29'),
(852, 153, 8, 26, 27, 45, 5.00, ' + 1 + 1 + 1 + 1 + 1', '2021-02-11 05:35:18', '2021-02-11 05:36:29'),
(853, 153, 5, 33, 24, 45, 5.00, ' + 1 + 1 + 1 + 1 + 1', '2021-02-11 05:35:19', '2021-02-11 05:36:29'),
(854, 153, 9, 30, 13, 45, 5.00, ' + 1 + 1 + 1 + 1 + 1', '2021-02-11 05:35:19', '2021-02-11 05:36:29'),
(855, 153, 9, 32, 21, 45, 5.00, ' + 1 + 1 + 1 + 1 + 1', '2021-02-11 05:35:19', '2021-02-11 05:36:29'),
(856, 153, 6, 30, 24, 46, 1.00, ' + 1', '2021-02-11 05:35:19', '2021-02-11 05:36:08'),
(857, 153, 9, 32, 8, 46, 1.00, ' + 1', '2021-02-11 05:35:19', '2021-02-11 05:36:08'),
(858, 154, 6, 15, 16, 46, 1.00, ' + 1', '2021-02-11 05:35:19', '2021-02-11 05:36:08'),
(859, 153, 9, 27, 28, 46, 1.00, ' + 1', '2021-02-11 05:35:19', '2021-02-11 05:36:08'),
(860, 154, 4, 33, 14, 46, 1.00, ' + 1', '2021-02-11 05:35:19', '2021-02-11 05:36:08'),
(861, 154, 8, 28, 18, 46, 1.00, ' + 1', '2021-02-11 05:35:19', '2021-02-11 05:36:08'),
(862, 153, 8, 33, 17, 46, 1.00, ' + 1', '2021-02-11 05:35:19', '2021-02-11 05:36:08'),
(863, 154, 4, 26, 25, 46, 1.00, ' + 1', '2021-02-11 05:35:19', '2021-02-11 05:36:08'),
(864, 154, 8, 22, 9, 46, 1.00, ' + 1', '2021-02-11 05:35:19', '2021-02-11 05:36:08'),
(865, 153, 5, 22, 18, 46, 1.00, ' + 1', '2021-02-11 05:35:19', '2021-02-11 05:36:08'),
(866, 153, 5, 30, 21, 46, 1.00, ' + 1', '2021-02-11 05:35:19', '2021-02-11 05:36:08'),
(867, 153, 7, 30, 22, 46, 1.00, ' + 1', '2021-02-11 05:35:19', '2021-02-11 05:36:08'),
(868, 153, 6, 28, 22, 46, 1.00, ' + 1', '2021-02-11 05:35:19', '2021-02-11 05:36:08'),
(869, 154, 4, 32, 19, 46, 1.00, ' + 1', '2021-02-11 05:35:19', '2021-02-11 05:36:08'),
(870, 153, 9, 15, 15, 46, 1.00, ' + 1', '2021-02-11 05:35:19', '2021-02-11 05:36:08'),
(871, 154, 5, 15, 19, 46, 1.00, ' + 1', '2021-02-11 05:35:19', '2021-02-11 05:36:08'),
(872, 153, 8, 33, 30, 46, 1.00, ' + 1', '2021-02-11 05:35:19', '2021-02-11 05:36:08'),
(873, 153, 4, 15, 22, 46, 1.00, ' + 1', '2021-02-11 05:35:19', '2021-02-11 05:36:08'),
(874, 153, 6, 26, 11, 46, 1.00, ' + 1', '2021-02-11 05:35:19', '2021-02-11 05:36:08'),
(875, 154, 5, 26, 30, 47, 2.00, ' + 1 + 1', '2021-02-11 05:35:19', '2021-02-11 05:36:22'),
(876, 153, 7, 28, 26, 47, 2.00, ' + 1 + 1', '2021-02-11 05:35:19', '2021-02-11 05:36:22'),
(877, 153, 9, 28, 24, 47, 2.00, ' + 1 + 1', '2021-02-11 05:35:19', '2021-02-11 05:36:22'),
(878, 153, 9, 33, 20, 47, 2.00, ' + 1 + 1', '2021-02-11 05:35:19', '2021-02-11 05:36:22'),
(879, 154, 6, 26, 24, 47, 2.00, ' + 1 + 1', '2021-02-11 05:35:19', '2021-02-11 05:36:22'),
(880, 154, 9, 33, 29, 47, 2.00, ' + 1 + 1', '2021-02-11 05:35:19', '2021-02-11 05:36:22'),
(881, 153, 8, 30, 19, 47, 2.00, ' + 1 + 1', '2021-02-11 05:35:19', '2021-02-11 05:36:22'),
(882, 154, 9, 26, 28, 47, 2.00, ' + 1 + 1', '2021-02-11 05:35:19', '2021-02-11 05:36:22'),
(883, 154, 6, 27, 16, 47, 2.00, ' + 1 + 1', '2021-02-11 05:35:19', '2021-02-11 05:36:22'),
(884, 153, 4, 15, 13, 47, 2.00, ' + 1 + 1', '2021-02-11 05:35:19', '2021-02-11 05:36:22'),
(885, 154, 9, 15, 27, 47, 2.00, ' + 1 + 1', '2021-02-11 05:35:19', '2021-02-11 05:36:22'),
(886, 154, 8, 30, 27, 47, 2.00, ' + 1 + 1', '2021-02-11 05:35:19', '2021-02-11 05:36:22'),
(887, 154, 6, 30, 27, 47, 2.00, ' + 1 + 1', '2021-02-11 05:35:19', '2021-02-11 05:36:22'),
(888, 154, 6, 30, 19, 47, 2.00, ' + 1 + 1', '2021-02-11 05:35:19', '2021-02-11 05:36:22'),
(889, 153, 8, 15, 12, 47, 2.00, ' + 1 + 1', '2021-02-11 05:35:19', '2021-02-11 05:36:22'),
(890, 153, 7, 30, 23, 47, 2.00, ' + 1 + 1', '2021-02-11 05:35:19', '2021-02-11 05:36:22'),
(891, 154, 4, 30, 9, 47, 2.00, ' + 1 + 1', '2021-02-11 05:35:19', '2021-02-11 05:36:22'),
(892, 154, 4, 32, 24, 47, 2.00, ' + 1 + 1', '2021-02-11 05:35:19', '2021-02-11 05:36:22'),
(893, 154, 9, 33, 13, 47, 2.00, ' + 1 + 1', '2021-02-11 05:35:19', '2021-02-11 05:36:22'),
(894, 154, 5, 15, 19, 48, 1.00, ' + 1', '2021-02-11 05:35:19', '2021-02-11 05:36:13'),
(895, 153, 4, 15, 25, 48, 1.00, ' + 1', '2021-02-11 05:35:20', '2021-02-11 05:36:13'),
(896, 153, 5, 28, 17, 48, 1.00, ' + 1', '2021-02-11 05:35:20', '2021-02-11 05:36:13'),
(897, 154, 8, 33, 25, 48, 1.00, ' + 1', '2021-02-11 05:35:20', '2021-02-11 05:36:13'),
(898, 153, 8, 26, 17, 48, 1.00, ' + 1', '2021-02-11 05:35:20', '2021-02-11 05:36:13'),
(899, 153, 9, 27, 30, 48, 1.00, ' + 1', '2021-02-11 05:35:20', '2021-02-11 05:36:13'),
(900, 154, 9, 33, 15, 48, 1.00, ' + 1', '2021-02-11 05:35:20', '2021-02-11 05:36:13'),
(901, 154, 6, 33, 13, 48, 1.00, ' + 1', '2021-02-11 05:35:20', '2021-02-11 05:36:13'),
(902, 153, 7, 22, 25, 48, 1.00, ' + 1', '2021-02-11 05:35:20', '2021-02-11 05:36:13'),
(903, 154, 5, 30, 10, 48, 1.00, ' + 1', '2021-02-11 05:35:20', '2021-02-11 05:36:13'),
(904, 154, 5, 30, 22, 48, 1.00, ' + 1', '2021-02-11 05:35:20', '2021-02-11 05:36:13'),
(905, 154, 8, 15, 15, 48, 1.00, ' + 1', '2021-02-11 05:35:20', '2021-02-11 05:36:13'),
(906, 153, 9, 28, 18, 48, 1.00, ' + 1', '2021-02-11 05:35:20', '2021-02-11 05:36:13'),
(907, 154, 9, 32, 14, 48, 1.00, ' + 1', '2021-02-11 05:35:20', '2021-02-11 05:36:13'),
(908, 153, 5, 26, 12, 48, 1.00, ' + 1', '2021-02-11 05:35:20', '2021-02-11 05:36:13'),
(909, 154, 5, 26, 20, 48, 1.00, ' + 1', '2021-02-11 05:35:20', '2021-02-11 05:36:13'),
(910, 154, 9, 26, 7, 48, 1.00, ' + 1', '2021-02-11 05:35:20', '2021-02-11 05:36:13'),
(911, 154, 8, 22, 23, 48, 1.00, ' + 1', '2021-02-11 05:35:20', '2021-02-11 05:36:13'),
(912, 154, 5, 22, 18, 48, 1.00, ' + 1', '2021-02-11 05:35:20', '2021-02-11 05:36:13'),
(913, 153, 4, 26, 29, 49, 2.00, ' + 1 + 1', '2021-02-11 05:35:20', '2021-02-11 05:36:12'),
(914, 154, 6, 22, 30, 49, 2.00, ' + 1 + 1', '2021-02-11 05:35:20', '2021-02-11 05:36:12'),
(915, 154, 5, 15, 28, 49, 2.00, ' + 1 + 1', '2021-02-11 05:35:20', '2021-02-11 05:36:12'),
(916, 153, 9, 30, 9, 49, 2.00, ' + 1 + 1', '2021-02-11 05:35:20', '2021-02-11 05:36:12'),
(917, 154, 5, 26, 22, 49, 2.00, ' + 1 + 1', '2021-02-11 05:35:20', '2021-02-11 05:36:12'),
(918, 154, 8, 27, 21, 49, 2.00, ' + 1 + 1', '2021-02-11 05:35:20', '2021-02-11 05:36:12'),
(919, 154, 5, 28, 7, 49, 2.00, ' + 1 + 1', '2021-02-11 05:35:20', '2021-02-11 05:36:12'),
(920, 154, 7, 33, 21, 49, 2.00, ' + 1 + 1', '2021-02-11 05:35:20', '2021-02-11 05:36:12'),
(921, 153, 8, 22, 25, 49, 2.00, ' + 1 + 1', '2021-02-11 05:35:20', '2021-02-11 05:36:12'),
(922, 154, 5, 27, 13, 49, 2.00, ' + 1 + 1', '2021-02-11 05:35:20', '2021-02-11 05:36:12'),
(923, 153, 5, 33, 13, 49, 2.00, ' + 1 + 1', '2021-02-11 05:35:20', '2021-02-11 05:36:12'),
(924, 153, 9, 15, 13, 49, 2.00, ' + 1 + 1', '2021-02-11 05:35:20', '2021-02-11 05:36:12'),
(925, 153, 6, 26, 19, 49, 2.00, ' + 1 + 1', '2021-02-11 05:35:20', '2021-02-11 05:36:12'),
(926, 154, 5, 26, 12, 49, 2.00, ' + 1 + 1', '2021-02-11 05:35:20', '2021-02-11 05:36:12'),
(927, 153, 5, 27, 23, 49, 2.00, ' + 1 + 1', '2021-02-11 05:35:20', '2021-02-11 05:36:13'),
(928, 154, 5, 27, 25, 49, 2.00, ' + 1 + 1', '2021-02-11 05:35:20', '2021-02-11 05:36:13'),
(929, 153, 7, 27, 29, 49, 2.00, ' + 1 + 1', '2021-02-11 05:35:20', '2021-02-11 05:36:13'),
(930, 153, 5, 32, 7, 49, 2.00, ' + 1 + 1', '2021-02-11 05:35:20', '2021-02-11 05:36:13'),
(931, 154, 7, 15, 9, 49, 2.00, ' + 1 + 1', '2021-02-11 05:35:20', '2021-02-11 05:36:13'),
(932, 154, 8, 22, 25, 50, 2.00, ' + 1 + 1', '2021-02-11 05:35:20', '2021-02-11 05:36:12'),
(933, 153, 4, 28, 14, 50, 2.00, ' + 1 + 1', '2021-02-11 05:35:20', '2021-02-11 05:36:12'),
(934, 153, 9, 26, 18, 50, 2.00, ' + 1 + 1', '2021-02-11 05:35:20', '2021-02-11 05:36:12'),
(935, 154, 7, 26, 18, 50, 2.00, ' + 1 + 1', '2021-02-11 05:35:20', '2021-02-11 05:36:12'),
(936, 153, 9, 32, 13, 50, 2.00, ' + 1 + 1', '2021-02-11 05:35:20', '2021-02-11 05:36:12'),
(937, 154, 6, 33, 19, 50, 2.00, ' + 1 + 1', '2021-02-11 05:35:20', '2021-02-11 05:36:12'),
(938, 154, 5, 26, 29, 50, 2.00, ' + 1 + 1', '2021-02-11 05:35:20', '2021-02-11 05:36:12'),
(939, 153, 7, 33, 28, 50, 2.00, ' + 1 + 1', '2021-02-11 05:35:20', '2021-02-11 05:36:12'),
(940, 153, 4, 32, 11, 50, 2.00, ' + 1 + 1', '2021-02-11 05:35:21', '2021-02-11 05:36:12'),
(941, 154, 9, 32, 12, 50, 2.00, ' + 1 + 1', '2021-02-11 05:35:21', '2021-02-11 05:36:12'),
(942, 153, 6, 15, 26, 50, 2.00, ' + 1 + 1', '2021-02-11 05:35:21', '2021-02-11 05:36:12'),
(943, 153, 9, 32, 27, 50, 2.00, ' + 1 + 1', '2021-02-11 05:35:21', '2021-02-11 05:36:12'),
(944, 154, 5, 26, 22, 50, 2.00, ' + 1 + 1', '2021-02-11 05:35:21', '2021-02-11 05:36:12'),
(945, 154, 6, 26, 11, 50, 2.00, ' + 1 + 1', '2021-02-11 05:35:21', '2021-02-11 05:36:12'),
(946, 153, 9, 27, 9, 50, 2.00, ' + 1 + 1', '2021-02-11 05:35:21', '2021-02-11 05:36:12'),
(947, 154, 6, 32, 8, 50, 2.00, ' + 1 + 1', '2021-02-11 05:35:21', '2021-02-11 05:36:12'),
(948, 153, 8, 22, 14, 50, 2.00, ' + 1 + 1', '2021-02-11 05:35:21', '2021-02-11 05:36:12'),
(949, 154, 4, 15, 23, 50, 2.00, ' + 1 + 1', '2021-02-11 05:35:21', '2021-02-11 05:36:12'),
(950, 153, 4, 27, 10, 50, 2.00, ' + 1 + 1', '2021-02-11 05:35:21', '2021-02-11 05:36:12'),
(951, 154, 7, 33, 11, 51, 4.00, ' + 1 + 2 + 1', '2021-02-11 05:35:21', '2021-02-11 05:36:25'),
(952, 154, 9, 28, 22, 51, 4.00, ' + 1 + 2 + 1', '2021-02-11 05:35:21', '2021-02-11 05:36:25'),
(953, 154, 9, 28, 8, 51, 4.00, ' + 1 + 2 + 1', '2021-02-11 05:35:21', '2021-02-11 05:36:25'),
(954, 154, 8, 32, 27, 51, 4.00, ' + 1 + 2 + 1', '2021-02-11 05:35:21', '2021-02-11 05:36:25'),
(955, 154, 9, 22, 18, 51, 4.00, ' + 1 + 2 + 1', '2021-02-11 05:35:21', '2021-02-11 05:36:25'),
(956, 154, 9, 30, 31, 51, 4.00, ' + 1 + 2 + 1', '2021-02-11 05:35:21', '2021-02-11 05:36:25'),
(957, 153, 5, 28, 10, 51, 4.00, ' + 1 + 2 + 1', '2021-02-11 05:35:21', '2021-02-11 05:36:25'),
(958, 153, 6, 15, 22, 51, 4.00, ' + 1 + 2 + 1', '2021-02-11 05:35:21', '2021-02-11 05:36:25'),
(959, 153, 5, 33, 14, 51, 4.00, ' + 1 + 2 + 1', '2021-02-11 05:35:21', '2021-02-11 05:36:25'),
(960, 154, 4, 27, 15, 51, 4.00, ' + 1 + 2 + 1', '2021-02-11 05:35:21', '2021-02-11 05:36:25'),
(961, 154, 4, 33, 12, 51, 4.00, ' + 1 + 2 + 1', '2021-02-11 05:35:21', '2021-02-11 05:36:25'),
(962, 153, 8, 33, 22, 51, 4.00, ' + 1 + 2 + 1', '2021-02-11 05:35:21', '2021-02-11 05:36:25'),
(963, 154, 6, 22, 28, 51, 4.00, ' + 1 + 2 + 1', '2021-02-11 05:35:21', '2021-02-11 05:36:25'),
(964, 154, 7, 33, 13, 51, 4.00, ' + 1 + 2 + 1', '2021-02-11 05:35:21', '2021-02-11 05:36:25'),
(965, 153, 4, 22, 9, 51, 4.00, ' + 1 + 2 + 1', '2021-02-11 05:35:21', '2021-02-11 05:36:25'),
(966, 153, 4, 26, 18, 51, 4.00, ' + 1 + 2 + 1', '2021-02-11 05:35:21', '2021-02-11 05:36:25'),
(967, 154, 4, 30, 15, 51, 4.00, ' + 1 + 2 + 1', '2021-02-11 05:35:21', '2021-02-11 05:36:25'),
(968, 153, 5, 15, 21, 51, 4.00, ' + 1 + 2 + 1', '2021-02-11 05:35:21', '2021-02-11 05:36:25'),
(969, 154, 9, 28, 17, 51, 4.00, ' + 1 + 2 + 1', '2021-02-11 05:35:21', '2021-02-11 05:36:25'),
(970, 154, 4, 22, 11, 52, 1.00, ' + 1', '2021-02-11 05:35:21', '2021-02-11 05:36:08'),
(971, 153, 5, 30, 29, 52, 1.00, ' + 1', '2021-02-11 05:35:21', '2021-02-11 05:36:08'),
(972, 154, 4, 27, 17, 52, 1.00, ' + 1', '2021-02-11 05:35:21', '2021-02-11 05:36:08'),
(973, 154, 9, 15, 24, 52, 1.00, ' + 1', '2021-02-11 05:35:21', '2021-02-11 05:36:08'),
(974, 153, 4, 32, 18, 52, 1.00, ' + 1', '2021-02-11 05:35:21', '2021-02-11 05:36:08'),
(975, 154, 8, 32, 7, 52, 1.00, ' + 1', '2021-02-11 05:35:21', '2021-02-11 05:36:08'),
(976, 153, 4, 33, 15, 52, 1.00, ' + 1', '2021-02-11 05:35:21', '2021-02-11 05:36:08'),
(977, 154, 5, 32, 17, 52, 1.00, ' + 1', '2021-02-11 05:35:21', '2021-02-11 05:36:08'),
(978, 153, 8, 28, 20, 52, 1.00, ' + 1', '2021-02-11 05:35:21', '2021-02-11 05:36:08'),
(979, 153, 5, 33, 13, 52, 1.00, ' + 1', '2021-02-11 05:35:22', '2021-02-11 05:36:08'),
(980, 153, 8, 32, 21, 52, 1.00, ' + 1', '2021-02-11 05:35:22', '2021-02-11 05:36:08'),
(981, 153, 9, 33, 21, 52, 1.00, ' + 1', '2021-02-11 05:35:22', '2021-02-11 05:36:08'),
(982, 153, 8, 15, 31, 52, 1.00, ' + 1', '2021-02-11 05:35:22', '2021-02-11 05:36:08'),
(983, 154, 8, 27, 23, 52, 1.00, ' + 1', '2021-02-11 05:35:22', '2021-02-11 05:36:08'),
(984, 153, 9, 26, 8, 52, 1.00, ' + 1', '2021-02-11 05:35:22', '2021-02-11 05:36:08'),
(985, 153, 9, 27, 7, 52, 1.00, ' + 1', '2021-02-11 05:35:22', '2021-02-11 05:36:08'),
(986, 154, 9, 22, 30, 52, 1.00, ' + 1', '2021-02-11 05:35:22', '2021-02-11 05:36:08'),
(987, 154, 5, 26, 28, 52, 1.00, ' + 1', '2021-02-11 05:35:22', '2021-02-11 05:36:08'),
(988, 153, 9, 27, 15, 52, 1.00, ' + 1', '2021-02-11 05:35:22', '2021-02-11 05:36:08'),
(989, 153, 6, 28, 7, 53, 1.00, ' + 1', '2021-02-11 05:35:22', '2021-02-11 05:36:05'),
(990, 153, 7, 32, 24, 53, 1.00, ' + 1', '2021-02-11 05:35:22', '2021-02-11 05:36:05'),
(991, 153, 6, 30, 15, 53, 1.00, ' + 1', '2021-02-11 05:35:22', '2021-02-11 05:36:05'),
(992, 153, 7, 22, 9, 53, 1.00, ' + 1', '2021-02-11 05:35:22', '2021-02-11 05:36:05'),
(993, 154, 5, 32, 26, 53, 1.00, ' + 1', '2021-02-11 05:35:22', '2021-02-11 05:36:06'),
(994, 154, 7, 27, 17, 53, 1.00, ' + 1', '2021-02-11 05:35:22', '2021-02-11 05:36:06'),
(995, 153, 6, 32, 24, 53, 1.00, ' + 1', '2021-02-11 05:35:22', '2021-02-11 05:36:06'),
(996, 153, 4, 27, 28, 53, 1.00, ' + 1', '2021-02-11 05:35:22', '2021-02-11 05:36:06'),
(997, 153, 6, 15, 11, 53, 1.00, ' + 1', '2021-02-11 05:35:22', '2021-02-11 05:36:06'),
(998, 153, 6, 30, 18, 53, 1.00, ' + 1', '2021-02-11 05:35:22', '2021-02-11 05:36:06'),
(999, 154, 8, 15, 14, 53, 1.00, ' + 1', '2021-02-11 05:35:22', '2021-02-11 05:36:06'),
(1000, 154, 4, 22, 24, 53, 1.00, ' + 1', '2021-02-11 05:35:22', '2021-02-11 05:36:06'),
(1001, 153, 5, 33, 16, 53, 1.00, ' + 1', '2021-02-11 05:35:22', '2021-02-11 05:36:06'),
(1002, 154, 5, 28, 14, 53, 1.00, ' + 1', '2021-02-11 05:35:22', '2021-02-11 05:36:06'),
(1003, 153, 9, 30, 9, 53, 1.00, ' + 1', '2021-02-11 05:35:22', '2021-02-11 05:36:06'),
(1004, 154, 7, 32, 13, 53, 1.00, ' + 1', '2021-02-11 05:35:22', '2021-02-11 05:36:06'),
(1005, 154, 4, 15, 31, 53, 1.00, ' + 1', '2021-02-11 05:35:22', '2021-02-11 05:36:06'),
(1006, 154, 9, 30, 19, 53, 1.00, ' + 1', '2021-02-11 05:35:22', '2021-02-11 05:36:06'),
(1007, 153, 8, 28, 12, 53, 1.00, ' + 1', '2021-02-11 05:35:22', '2021-02-11 05:36:06'),
(1008, 153, 8, 27, 7, 54, 2.00, ' + 1 + 1', '2021-02-11 05:35:22', '2021-02-11 05:36:19'),
(1009, 153, 7, 27, 23, 54, 2.00, ' + 1 + 1', '2021-02-11 05:35:22', '2021-02-11 05:36:19'),
(1010, 154, 8, 26, 10, 54, 2.00, ' + 1 + 1', '2021-02-11 05:35:22', '2021-02-11 05:36:19'),
(1011, 154, 6, 26, 28, 54, 2.00, ' + 1 + 1', '2021-02-11 05:35:22', '2021-02-11 05:36:19'),
(1012, 154, 9, 33, 15, 54, 2.00, ' + 1 + 1', '2021-02-11 05:35:22', '2021-02-11 05:36:19'),
(1013, 154, 8, 30, 23, 54, 2.00, ' + 1 + 1', '2021-02-11 05:35:22', '2021-02-11 05:36:19'),
(1014, 153, 6, 33, 20, 54, 2.00, ' + 1 + 1', '2021-02-11 05:35:22', '2021-02-11 05:36:19'),
(1015, 154, 8, 33, 15, 54, 2.00, ' + 1 + 1', '2021-02-11 05:35:22', '2021-02-11 05:36:19'),
(1016, 153, 4, 32, 18, 54, 2.00, ' + 1 + 1', '2021-02-11 05:35:22', '2021-02-11 05:36:19'),
(1017, 154, 7, 22, 23, 54, 2.00, ' + 1 + 1', '2021-02-11 05:35:22', '2021-02-11 05:36:19'),
(1018, 153, 7, 28, 26, 54, 2.00, ' + 1 + 1', '2021-02-11 05:35:22', '2021-02-11 05:36:19'),
(1019, 154, 9, 26, 16, 54, 2.00, ' + 1 + 1', '2021-02-11 05:35:22', '2021-02-11 05:36:19'),
(1020, 153, 9, 15, 8, 54, 2.00, ' + 1 + 1', '2021-02-11 05:35:23', '2021-02-11 05:36:19'),
(1021, 154, 7, 15, 13, 54, 2.00, ' + 1 + 1', '2021-02-11 05:35:23', '2021-02-11 05:36:19'),
(1022, 154, 5, 15, 26, 54, 2.00, ' + 1 + 1', '2021-02-11 05:35:23', '2021-02-11 05:36:19'),
(1023, 153, 7, 28, 18, 54, 2.00, ' + 1 + 1', '2021-02-11 05:35:23', '2021-02-11 05:36:19'),
(1024, 154, 4, 28, 9, 54, 2.00, ' + 1 + 1', '2021-02-11 05:35:23', '2021-02-11 05:36:19'),
(1025, 154, 8, 22, 19, 54, 2.00, ' + 1 + 1', '2021-02-11 05:35:23', '2021-02-11 05:36:19'),
(1026, 154, 8, 26, 26, 54, 2.00, ' + 1 + 1', '2021-02-11 05:35:23', '2021-02-11 05:36:19'),
(1027, 154, 4, 15, 16, 55, 7.00, ' + 1 + 1 + 1 + 1 + 1 + 1 + 1', '2021-02-11 05:35:23', '2021-02-11 05:36:31'),
(1028, 154, 8, 22, 29, 55, 7.00, ' + 1 + 1 + 1 + 1 + 1 + 1 + 1', '2021-02-11 05:35:23', '2021-02-11 05:36:31'),
(1029, 153, 9, 15, 12, 55, 7.00, ' + 1 + 1 + 1 + 1 + 1 + 1 + 1', '2021-02-11 05:35:23', '2021-02-11 05:36:31'),
(1030, 154, 8, 26, 16, 55, 7.00, ' + 1 + 1 + 1 + 1 + 1 + 1 + 1', '2021-02-11 05:35:23', '2021-02-11 05:36:31'),
(1031, 153, 6, 30, 16, 55, 7.00, ' + 1 + 1 + 1 + 1 + 1 + 1 + 1', '2021-02-11 05:35:23', '2021-02-11 05:36:31'),
(1032, 153, 8, 33, 28, 55, 7.00, ' + 1 + 1 + 1 + 1 + 1 + 1 + 1', '2021-02-11 05:35:23', '2021-02-11 05:36:31'),
(1033, 154, 6, 22, 17, 55, 7.00, ' + 1 + 1 + 1 + 1 + 1 + 1 + 1', '2021-02-11 05:35:23', '2021-02-11 05:36:31'),
(1034, 154, 7, 26, 14, 55, 7.00, ' + 1 + 1 + 1 + 1 + 1 + 1 + 1', '2021-02-11 05:35:23', '2021-02-11 05:36:31'),
(1035, 153, 7, 15, 12, 55, 7.00, ' + 1 + 1 + 1 + 1 + 1 + 1 + 1', '2021-02-11 05:35:23', '2021-02-11 05:36:31'),
(1036, 154, 6, 15, 14, 55, 7.00, ' + 1 + 1 + 1 + 1 + 1 + 1 + 1', '2021-02-11 05:35:23', '2021-02-11 05:36:31'),
(1037, 153, 7, 15, 12, 55, 7.00, ' + 1 + 1 + 1 + 1 + 1 + 1 + 1', '2021-02-11 05:35:23', '2021-02-11 05:36:31'),
(1038, 154, 8, 15, 13, 55, 7.00, ' + 1 + 1 + 1 + 1 + 1 + 1 + 1', '2021-02-11 05:35:23', '2021-02-11 05:36:31'),
(1039, 154, 8, 30, 16, 55, 7.00, ' + 1 + 1 + 1 + 1 + 1 + 1 + 1', '2021-02-11 05:35:23', '2021-02-11 05:36:31'),
(1040, 154, 7, 28, 20, 55, 7.00, ' + 1 + 1 + 1 + 1 + 1 + 1 + 1', '2021-02-11 05:35:23', '2021-02-11 05:36:31'),
(1041, 154, 7, 28, 20, 55, 7.00, ' + 1 + 1 + 1 + 1 + 1 + 1 + 1', '2021-02-11 05:35:23', '2021-02-11 05:36:31'),
(1042, 153, 9, 22, 21, 55, 7.00, ' + 1 + 1 + 1 + 1 + 1 + 1 + 1', '2021-02-11 05:35:23', '2021-02-11 05:36:31'),
(1043, 154, 4, 30, 8, 55, 7.00, ' + 1 + 1 + 1 + 1 + 1 + 1 + 1', '2021-02-11 05:35:23', '2021-02-11 05:36:31'),
(1044, 154, 9, 32, 16, 55, 7.00, ' + 1 + 1 + 1 + 1 + 1 + 1 + 1', '2021-02-11 05:35:23', '2021-02-11 05:36:31'),
(1045, 154, 9, 30, 29, 55, 7.00, ' + 1 + 1 + 1 + 1 + 1 + 1 + 1', '2021-02-11 05:35:23', '2021-02-11 05:36:31'),
(1046, 153, 8, 22, 22, 56, 3.00, ' + 1 + 1 + 1', '2021-02-11 05:35:23', '2021-02-11 05:36:07'),
(1047, 154, 7, 32, 16, 56, 3.00, ' + 1 + 1 + 1', '2021-02-11 05:35:23', '2021-02-11 05:36:07'),
(1048, 153, 5, 22, 11, 56, 3.00, ' + 1 + 1 + 1', '2021-02-11 05:35:23', '2021-02-11 05:36:07'),
(1049, 153, 6, 15, 26, 56, 3.00, ' + 1 + 1 + 1', '2021-02-11 05:35:23', '2021-02-11 05:36:07'),
(1050, 153, 6, 32, 11, 56, 3.00, ' + 1 + 1 + 1', '2021-02-11 05:35:23', '2021-02-11 05:36:07'),
(1051, 154, 8, 27, 26, 56, 3.00, ' + 1 + 1 + 1', '2021-02-11 05:35:23', '2021-02-11 05:36:07'),
(1052, 154, 9, 26, 7, 56, 3.00, ' + 1 + 1 + 1', '2021-02-11 05:35:23', '2021-02-11 05:36:07'),
(1053, 154, 8, 26, 23, 56, 3.00, ' + 1 + 1 + 1', '2021-02-11 05:35:23', '2021-02-11 05:36:07'),
(1054, 153, 5, 32, 27, 56, 3.00, ' + 1 + 1 + 1', '2021-02-11 05:35:23', '2021-02-11 05:36:07'),
(1055, 153, 5, 32, 21, 56, 3.00, ' + 1 + 1 + 1', '2021-02-11 05:35:23', '2021-02-11 05:36:07'),
(1056, 153, 4, 15, 14, 56, 3.00, ' + 1 + 1 + 1', '2021-02-11 05:35:23', '2021-02-11 05:36:07'),
(1057, 153, 8, 22, 14, 56, 3.00, ' + 1 + 1 + 1', '2021-02-11 05:35:24', '2021-02-11 05:36:07'),
(1058, 153, 9, 22, 9, 56, 3.00, ' + 1 + 1 + 1', '2021-02-11 05:35:24', '2021-02-11 05:36:07'),
(1059, 154, 8, 33, 12, 56, 3.00, ' + 1 + 1 + 1', '2021-02-11 05:35:24', '2021-02-11 05:36:07'),
(1060, 153, 8, 15, 10, 56, 3.00, ' + 1 + 1 + 1', '2021-02-11 05:35:24', '2021-02-11 05:36:07'),
(1061, 153, 6, 33, 8, 56, 3.00, ' + 1 + 1 + 1', '2021-02-11 05:35:24', '2021-02-11 05:36:07'),
(1062, 153, 6, 22, 7, 56, 3.00, ' + 1 + 1 + 1', '2021-02-11 05:35:24', '2021-02-11 05:36:07'),
(1063, 153, 8, 33, 21, 56, 3.00, ' + 1 + 1 + 1', '2021-02-11 05:35:24', '2021-02-11 05:36:07'),
(1064, 153, 5, 22, 28, 56, 3.00, ' + 1 + 1 + 1', '2021-02-11 05:35:24', '2021-02-11 05:36:07'),
(1065, 153, 9, 15, 10, 57, 9.00, ' + 1 + 3 + 1 + 1 + 1 + 1 + 1', '2021-02-11 05:35:24', '2021-02-11 05:36:29'),
(1066, 153, 5, 33, 10, 57, 9.00, ' + 1 + 3 + 1 + 1 + 1 + 1 + 1', '2021-02-11 05:35:24', '2021-02-11 05:36:29'),
(1067, 153, 5, 33, 27, 57, 9.00, ' + 1 + 3 + 1 + 1 + 1 + 1 + 1', '2021-02-11 05:35:24', '2021-02-11 05:36:29'),
(1068, 153, 7, 33, 27, 57, 9.00, ' + 1 + 3 + 1 + 1 + 1 + 1 + 1', '2021-02-11 05:35:24', '2021-02-11 05:36:29'),
(1069, 153, 5, 26, 27, 57, 9.00, ' + 1 + 3 + 1 + 1 + 1 + 1 + 1', '2021-02-11 05:35:24', '2021-02-11 05:36:29'),
(1070, 153, 6, 27, 13, 57, 9.00, ' + 1 + 3 + 1 + 1 + 1 + 1 + 1', '2021-02-11 05:35:24', '2021-02-11 05:36:29'),
(1071, 153, 6, 26, 20, 57, 9.00, ' + 1 + 3 + 1 + 1 + 1 + 1 + 1', '2021-02-11 05:35:24', '2021-02-11 05:36:29'),
(1072, 153, 9, 15, 21, 57, 9.00, ' + 1 + 3 + 1 + 1 + 1 + 1 + 1', '2021-02-11 05:35:24', '2021-02-11 05:36:29'),
(1073, 153, 8, 33, 29, 57, 9.00, ' + 1 + 3 + 1 + 1 + 1 + 1 + 1', '2021-02-11 05:35:24', '2021-02-11 05:36:29'),
(1074, 154, 9, 33, 11, 57, 9.00, ' + 1 + 3 + 1 + 1 + 1 + 1 + 1', '2021-02-11 05:35:24', '2021-02-11 05:36:29'),
(1075, 154, 4, 33, 27, 57, 9.00, ' + 1 + 3 + 1 + 1 + 1 + 1 + 1', '2021-02-11 05:35:24', '2021-02-11 05:36:29'),
(1076, 153, 9, 15, 10, 57, 9.00, ' + 1 + 3 + 1 + 1 + 1 + 1 + 1', '2021-02-11 05:35:24', '2021-02-11 05:36:29'),
(1077, 154, 7, 32, 10, 57, 9.00, ' + 1 + 3 + 1 + 1 + 1 + 1 + 1', '2021-02-11 05:35:24', '2021-02-11 05:36:29'),
(1078, 154, 4, 33, 23, 57, 9.00, ' + 1 + 3 + 1 + 1 + 1 + 1 + 1', '2021-02-11 05:35:24', '2021-02-11 05:36:29'),
(1079, 153, 9, 15, 12, 57, 9.00, ' + 1 + 3 + 1 + 1 + 1 + 1 + 1', '2021-02-11 05:35:24', '2021-02-11 05:36:29'),
(1080, 154, 4, 15, 30, 57, 9.00, ' + 1 + 3 + 1 + 1 + 1 + 1 + 1', '2021-02-11 05:35:24', '2021-02-11 05:36:29'),
(1081, 153, 9, 22, 21, 57, 9.00, ' + 1 + 3 + 1 + 1 + 1 + 1 + 1', '2021-02-11 05:35:24', '2021-02-11 05:36:29'),
(1082, 154, 7, 28, 25, 57, 9.00, ' + 1 + 3 + 1 + 1 + 1 + 1 + 1', '2021-02-11 05:35:24', '2021-02-11 05:36:29'),
(1083, 154, 7, 27, 22, 57, 9.00, ' + 1 + 3 + 1 + 1 + 1 + 1 + 1', '2021-02-11 05:35:24', '2021-02-11 05:36:29'),
(1084, 154, 8, 22, 15, 58, 2.00, ' + 1 + 1', '2021-02-11 05:35:24', '2021-02-11 05:36:31'),
(1085, 153, 9, 28, 23, 58, 2.00, ' + 1 + 1', '2021-02-11 05:35:24', '2021-02-11 05:36:32'),
(1086, 154, 5, 33, 16, 58, 2.00, ' + 1 + 1', '2021-02-11 05:35:24', '2021-02-11 05:36:32'),
(1087, 154, 8, 28, 7, 58, 2.00, ' + 1 + 1', '2021-02-11 05:35:24', '2021-02-11 05:36:32'),
(1088, 154, 6, 33, 31, 58, 2.00, ' + 1 + 1', '2021-02-11 05:35:24', '2021-02-11 05:36:32'),
(1089, 154, 6, 30, 16, 58, 2.00, ' + 1 + 1', '2021-02-11 05:35:24', '2021-02-11 05:36:32'),
(1090, 153, 7, 15, 7, 58, 2.00, ' + 1 + 1', '2021-02-11 05:35:24', '2021-02-11 05:36:32'),
(1091, 153, 4, 15, 22, 58, 2.00, ' + 1 + 1', '2021-02-11 05:35:24', '2021-02-11 05:36:32'),
(1092, 153, 5, 27, 13, 58, 2.00, ' + 1 + 1', '2021-02-11 05:35:24', '2021-02-11 05:36:32'),
(1093, 154, 6, 22, 31, 58, 2.00, ' + 1 + 1', '2021-02-11 05:35:24', '2021-02-11 05:36:32'),
(1094, 153, 4, 26, 13, 58, 2.00, ' + 1 + 1', '2021-02-11 05:35:24', '2021-02-11 05:36:32'),
(1095, 154, 9, 33, 15, 58, 2.00, ' + 1 + 1', '2021-02-11 05:35:25', '2021-02-11 05:36:32'),
(1096, 154, 5, 30, 11, 58, 2.00, ' + 1 + 1', '2021-02-11 05:35:25', '2021-02-11 05:36:32'),
(1097, 153, 9, 15, 31, 58, 2.00, ' + 1 + 1', '2021-02-11 05:35:25', '2021-02-11 05:36:32'),
(1098, 154, 9, 22, 31, 58, 2.00, ' + 1 + 1', '2021-02-11 05:35:25', '2021-02-11 05:36:32'),
(1099, 154, 5, 22, 19, 58, 2.00, ' + 1 + 1', '2021-02-11 05:35:25', '2021-02-11 05:36:32');
INSERT INTO `schedules` (`id`, `teachs_id`, `days_id`, `times_id`, `rooms_id`, `type`, `value`, `value_process`, `created_at`, `updated_at`) VALUES
(1100, 153, 8, 28, 7, 58, 2.00, ' + 1 + 1', '2021-02-11 05:35:25', '2021-02-11 05:36:32'),
(1101, 154, 9, 26, 10, 58, 2.00, ' + 1 + 1', '2021-02-11 05:35:25', '2021-02-11 05:36:32'),
(1102, 153, 6, 27, 22, 58, 2.00, ' + 1 + 1', '2021-02-11 05:35:25', '2021-02-11 05:36:32'),
(1103, 154, 6, 22, 22, 59, 4.00, ' + 1 + 1 + 1 + 1', '2021-02-11 05:35:25', '2021-02-11 05:36:30'),
(1104, 153, 8, 27, 11, 59, 4.00, ' + 1 + 1 + 1 + 1', '2021-02-11 05:35:25', '2021-02-11 05:36:30'),
(1105, 154, 7, 28, 20, 59, 4.00, ' + 1 + 1 + 1 + 1', '2021-02-11 05:35:25', '2021-02-11 05:36:30'),
(1106, 154, 4, 28, 12, 59, 4.00, ' + 1 + 1 + 1 + 1', '2021-02-11 05:35:25', '2021-02-11 05:36:30'),
(1107, 154, 6, 30, 28, 59, 4.00, ' + 1 + 1 + 1 + 1', '2021-02-11 05:35:25', '2021-02-11 05:36:30'),
(1108, 154, 6, 28, 21, 59, 4.00, ' + 1 + 1 + 1 + 1', '2021-02-11 05:35:25', '2021-02-11 05:36:30'),
(1109, 154, 7, 32, 25, 59, 4.00, ' + 1 + 1 + 1 + 1', '2021-02-11 05:35:25', '2021-02-11 05:36:30'),
(1110, 153, 8, 32, 25, 59, 4.00, ' + 1 + 1 + 1 + 1', '2021-02-11 05:35:25', '2021-02-11 05:36:30'),
(1111, 153, 6, 22, 17, 59, 4.00, ' + 1 + 1 + 1 + 1', '2021-02-11 05:35:25', '2021-02-11 05:36:30'),
(1112, 154, 4, 32, 9, 59, 4.00, ' + 1 + 1 + 1 + 1', '2021-02-11 05:35:25', '2021-02-11 05:36:30'),
(1113, 153, 5, 32, 12, 59, 4.00, ' + 1 + 1 + 1 + 1', '2021-02-11 05:35:25', '2021-02-11 05:36:30'),
(1114, 153, 7, 26, 11, 59, 4.00, ' + 1 + 1 + 1 + 1', '2021-02-11 05:35:25', '2021-02-11 05:36:30'),
(1115, 154, 5, 30, 21, 59, 4.00, ' + 1 + 1 + 1 + 1', '2021-02-11 05:35:25', '2021-02-11 05:36:30'),
(1116, 153, 7, 26, 29, 59, 4.00, ' + 1 + 1 + 1 + 1', '2021-02-11 05:35:25', '2021-02-11 05:36:30'),
(1117, 154, 6, 22, 17, 59, 4.00, ' + 1 + 1 + 1 + 1', '2021-02-11 05:35:25', '2021-02-11 05:36:30'),
(1118, 153, 7, 15, 19, 59, 4.00, ' + 1 + 1 + 1 + 1', '2021-02-11 05:35:25', '2021-02-11 05:36:30'),
(1119, 154, 7, 26, 29, 59, 4.00, ' + 1 + 1 + 1 + 1', '2021-02-11 05:35:25', '2021-02-11 05:36:30'),
(1120, 153, 5, 30, 13, 59, 4.00, ' + 1 + 1 + 1 + 1', '2021-02-11 05:35:25', '2021-02-11 05:36:30'),
(1121, 154, 8, 32, 14, 59, 4.00, ' + 1 + 1 + 1 + 1', '2021-02-11 05:35:25', '2021-02-11 05:36:30'),
(1122, 153, 6, 22, 20, 60, NULL, NULL, '2021-02-11 05:35:25', '2021-02-11 05:35:25'),
(1123, 153, 9, 28, 10, 60, NULL, NULL, '2021-02-11 05:35:25', '2021-02-11 05:35:25'),
(1124, 153, 9, 27, 23, 60, NULL, NULL, '2021-02-11 05:35:25', '2021-02-11 05:35:25'),
(1125, 153, 6, 26, 28, 60, NULL, NULL, '2021-02-11 05:35:25', '2021-02-11 05:35:25'),
(1126, 153, 8, 26, 9, 60, NULL, NULL, '2021-02-11 05:35:25', '2021-02-11 05:35:25'),
(1127, 153, 7, 27, 27, 60, NULL, NULL, '2021-02-11 05:35:25', '2021-02-11 05:35:25'),
(1128, 154, 9, 22, 21, 60, NULL, NULL, '2021-02-11 05:35:25', '2021-02-11 05:35:25'),
(1129, 153, 5, 33, 15, 60, NULL, NULL, '2021-02-11 05:35:25', '2021-02-11 05:35:25'),
(1130, 154, 4, 15, 23, 60, NULL, NULL, '2021-02-11 05:35:25', '2021-02-11 05:35:25'),
(1131, 153, 5, 32, 22, 60, NULL, NULL, '2021-02-11 05:35:25', '2021-02-11 05:35:25'),
(1132, 154, 7, 22, 20, 60, NULL, NULL, '2021-02-11 05:35:25', '2021-02-11 05:35:25'),
(1133, 154, 9, 30, 13, 60, NULL, NULL, '2021-02-11 05:35:25', '2021-02-11 05:35:25'),
(1134, 153, 6, 15, 30, 60, NULL, NULL, '2021-02-11 05:35:25', '2021-02-11 05:35:25'),
(1135, 153, 4, 15, 22, 60, NULL, NULL, '2021-02-11 05:35:25', '2021-02-11 05:35:25'),
(1136, 153, 9, 15, 7, 60, NULL, NULL, '2021-02-11 05:35:25', '2021-02-11 05:35:25'),
(1137, 153, 9, 22, 8, 60, NULL, NULL, '2021-02-11 05:35:25', '2021-02-11 05:35:25'),
(1138, 154, 5, 32, 23, 60, NULL, NULL, '2021-02-11 05:35:25', '2021-02-11 05:35:25'),
(1139, 154, 7, 28, 21, 60, NULL, NULL, '2021-02-11 05:35:26', '2021-02-11 05:35:26'),
(1140, 154, 7, 15, 9, 60, NULL, NULL, '2021-02-11 05:35:26', '2021-02-11 05:35:26'),
(1141, 153, 5, 33, 18, 61, 5.00, ' + 1 + 1 + 1 + 1 + 1', '2021-02-11 05:35:26', '2021-02-11 05:36:25'),
(1142, 153, 7, 27, 15, 61, 5.00, ' + 1 + 1 + 1 + 1 + 1', '2021-02-11 05:35:26', '2021-02-11 05:36:25'),
(1143, 153, 8, 30, 9, 61, 5.00, ' + 1 + 1 + 1 + 1 + 1', '2021-02-11 05:35:26', '2021-02-11 05:36:25'),
(1144, 154, 9, 27, 12, 61, 5.00, ' + 1 + 1 + 1 + 1 + 1', '2021-02-11 05:35:26', '2021-02-11 05:36:25'),
(1145, 153, 5, 15, 11, 61, 5.00, ' + 1 + 1 + 1 + 1 + 1', '2021-02-11 05:35:26', '2021-02-11 05:36:25'),
(1146, 153, 8, 33, 12, 61, 5.00, ' + 1 + 1 + 1 + 1 + 1', '2021-02-11 05:35:26', '2021-02-11 05:36:25'),
(1147, 154, 4, 32, 11, 61, 5.00, ' + 1 + 1 + 1 + 1 + 1', '2021-02-11 05:35:26', '2021-02-11 05:36:25'),
(1148, 154, 6, 26, 15, 61, 5.00, ' + 1 + 1 + 1 + 1 + 1', '2021-02-11 05:35:26', '2021-02-11 05:36:25'),
(1149, 153, 5, 28, 25, 61, 5.00, ' + 1 + 1 + 1 + 1 + 1', '2021-02-11 05:35:26', '2021-02-11 05:36:25'),
(1150, 154, 4, 32, 24, 61, 5.00, ' + 1 + 1 + 1 + 1 + 1', '2021-02-11 05:35:26', '2021-02-11 05:36:25'),
(1151, 154, 9, 32, 29, 61, 5.00, ' + 1 + 1 + 1 + 1 + 1', '2021-02-11 05:35:26', '2021-02-11 05:36:25'),
(1152, 153, 5, 26, 25, 61, 5.00, ' + 1 + 1 + 1 + 1 + 1', '2021-02-11 05:35:26', '2021-02-11 05:36:25'),
(1153, 153, 9, 15, 15, 61, 5.00, ' + 1 + 1 + 1 + 1 + 1', '2021-02-11 05:35:26', '2021-02-11 05:36:25'),
(1154, 153, 7, 30, 23, 61, 5.00, ' + 1 + 1 + 1 + 1 + 1', '2021-02-11 05:35:26', '2021-02-11 05:36:25'),
(1155, 154, 9, 27, 24, 61, 5.00, ' + 1 + 1 + 1 + 1 + 1', '2021-02-11 05:35:26', '2021-02-11 05:36:25'),
(1156, 154, 4, 27, 11, 61, 5.00, ' + 1 + 1 + 1 + 1 + 1', '2021-02-11 05:35:26', '2021-02-11 05:36:25'),
(1157, 153, 4, 27, 31, 61, 5.00, ' + 1 + 1 + 1 + 1 + 1', '2021-02-11 05:35:26', '2021-02-11 05:36:25'),
(1158, 153, 4, 28, 7, 61, 5.00, ' + 1 + 1 + 1 + 1 + 1', '2021-02-11 05:35:26', '2021-02-11 05:36:25'),
(1159, 153, 5, 28, 10, 61, 5.00, ' + 1 + 1 + 1 + 1 + 1', '2021-02-11 05:35:26', '2021-02-11 05:36:25'),
(1160, 154, 6, 22, 7, 62, 1.00, ' + 1', '2021-02-11 05:35:26', '2021-02-11 05:36:13'),
(1161, 153, 7, 27, 8, 62, 1.00, ' + 1', '2021-02-11 05:35:26', '2021-02-11 05:36:13'),
(1162, 154, 8, 26, 20, 62, 1.00, ' + 1', '2021-02-11 05:35:26', '2021-02-11 05:36:13'),
(1163, 154, 7, 32, 14, 62, 1.00, ' + 1', '2021-02-11 05:35:26', '2021-02-11 05:36:13'),
(1164, 153, 8, 28, 8, 62, 1.00, ' + 1', '2021-02-11 05:35:26', '2021-02-11 05:36:13'),
(1165, 154, 8, 15, 15, 62, 1.00, ' + 1', '2021-02-11 05:35:26', '2021-02-11 05:36:13'),
(1166, 153, 6, 26, 8, 62, 1.00, ' + 1', '2021-02-11 05:35:26', '2021-02-11 05:36:13'),
(1167, 154, 5, 26, 30, 62, 1.00, ' + 1', '2021-02-11 05:35:26', '2021-02-11 05:36:13'),
(1168, 154, 4, 33, 16, 62, 1.00, ' + 1', '2021-02-11 05:35:26', '2021-02-11 05:36:13'),
(1169, 153, 4, 32, 11, 62, 1.00, ' + 1', '2021-02-11 05:35:26', '2021-02-11 05:36:13'),
(1170, 153, 7, 28, 30, 62, 1.00, ' + 1', '2021-02-11 05:35:26', '2021-02-11 05:36:13'),
(1171, 154, 4, 22, 23, 62, 1.00, ' + 1', '2021-02-11 05:35:26', '2021-02-11 05:36:13'),
(1172, 154, 8, 27, 27, 62, 1.00, ' + 1', '2021-02-11 05:35:26', '2021-02-11 05:36:13'),
(1173, 154, 6, 22, 28, 62, 1.00, ' + 1', '2021-02-11 05:35:26', '2021-02-11 05:36:13'),
(1174, 153, 8, 33, 11, 62, 1.00, ' + 1', '2021-02-11 05:35:26', '2021-02-11 05:36:13'),
(1175, 154, 7, 33, 19, 62, 1.00, ' + 1', '2021-02-11 05:35:26', '2021-02-11 05:36:13'),
(1176, 153, 6, 33, 25, 62, 1.00, ' + 1', '2021-02-11 05:35:26', '2021-02-11 05:36:13'),
(1177, 153, 5, 30, 8, 62, 1.00, ' + 1', '2021-02-11 05:35:26', '2021-02-11 05:36:13'),
(1178, 153, 8, 15, 30, 62, 1.00, ' + 1', '2021-02-11 05:35:26', '2021-02-11 05:36:13'),
(1179, 154, 4, 27, 15, 63, 6.00, ' + 1 + 1 + 1 + 1 + 1 + 1', '2021-02-11 05:35:26', '2021-02-11 05:36:33'),
(1180, 153, 8, 22, 19, 63, 6.00, ' + 1 + 1 + 1 + 1 + 1 + 1', '2021-02-11 05:35:27', '2021-02-11 05:36:33'),
(1181, 153, 9, 26, 20, 63, 6.00, ' + 1 + 1 + 1 + 1 + 1 + 1', '2021-02-11 05:35:27', '2021-02-11 05:36:33'),
(1182, 154, 4, 27, 23, 63, 6.00, ' + 1 + 1 + 1 + 1 + 1 + 1', '2021-02-11 05:35:27', '2021-02-11 05:36:33'),
(1183, 153, 6, 22, 27, 63, 6.00, ' + 1 + 1 + 1 + 1 + 1 + 1', '2021-02-11 05:35:27', '2021-02-11 05:36:33'),
(1184, 154, 9, 15, 9, 63, 6.00, ' + 1 + 1 + 1 + 1 + 1 + 1', '2021-02-11 05:35:27', '2021-02-11 05:36:33'),
(1185, 153, 5, 22, 10, 63, 6.00, ' + 1 + 1 + 1 + 1 + 1 + 1', '2021-02-11 05:35:27', '2021-02-11 05:36:33'),
(1186, 154, 5, 30, 16, 63, 6.00, ' + 1 + 1 + 1 + 1 + 1 + 1', '2021-02-11 05:35:27', '2021-02-11 05:36:33'),
(1187, 153, 8, 27, 13, 63, 6.00, ' + 1 + 1 + 1 + 1 + 1 + 1', '2021-02-11 05:35:27', '2021-02-11 05:36:33'),
(1188, 154, 5, 30, 15, 63, 6.00, ' + 1 + 1 + 1 + 1 + 1 + 1', '2021-02-11 05:35:27', '2021-02-11 05:36:33'),
(1189, 153, 9, 27, 12, 63, 6.00, ' + 1 + 1 + 1 + 1 + 1 + 1', '2021-02-11 05:35:27', '2021-02-11 05:36:33'),
(1190, 153, 7, 33, 26, 63, 6.00, ' + 1 + 1 + 1 + 1 + 1 + 1', '2021-02-11 05:35:27', '2021-02-11 05:36:33'),
(1191, 154, 5, 33, 31, 63, 6.00, ' + 1 + 1 + 1 + 1 + 1 + 1', '2021-02-11 05:35:27', '2021-02-11 05:36:33'),
(1192, 154, 6, 26, 22, 63, 5.00, ' + 1 + 1 + 1 + 1 + 1', '2021-02-11 05:35:27', '2021-02-11 05:36:26'),
(1193, 154, 6, 33, 10, 63, 5.00, ' + 1 + 1 + 1 + 1 + 1', '2021-02-11 05:35:27', '2021-02-11 05:36:26'),
(1194, 154, 4, 22, 27, 63, 5.00, ' + 1 + 1 + 1 + 1 + 1', '2021-02-11 05:35:27', '2021-02-11 05:36:26'),
(1195, 154, 6, 33, 10, 63, 5.00, ' + 1 + 1 + 1 + 1 + 1', '2021-02-11 05:35:27', '2021-02-11 05:36:26'),
(1196, 154, 6, 26, 12, 63, 5.00, ' + 1 + 1 + 1 + 1 + 1', '2021-02-11 05:35:27', '2021-02-11 05:36:26'),
(1197, 154, 6, 32, 27, 63, 5.00, ' + 1 + 1 + 1 + 1 + 1', '2021-02-11 05:35:27', '2021-02-11 05:36:26'),
(1198, 153, 8, 30, 14, 64, 3.00, ' + 1 + 1 + 1', '2021-02-11 05:35:27', '2021-02-11 05:36:19'),
(1199, 154, 8, 22, 21, 64, 3.00, ' + 1 + 1 + 1', '2021-02-11 05:35:27', '2021-02-11 05:36:19'),
(1200, 154, 8, 32, 12, 64, 3.00, ' + 1 + 1 + 1', '2021-02-11 05:35:27', '2021-02-11 05:36:19'),
(1201, 154, 5, 30, 30, 64, 3.00, ' + 1 + 1 + 1', '2021-02-11 05:35:27', '2021-02-11 05:36:19'),
(1202, 153, 9, 28, 8, 64, 3.00, ' + 1 + 1 + 1', '2021-02-11 05:35:27', '2021-02-11 05:36:19'),
(1203, 154, 7, 33, 27, 64, 3.00, ' + 1 + 1 + 1', '2021-02-11 05:35:27', '2021-02-11 05:36:19'),
(1204, 154, 7, 33, 28, 64, 3.00, ' + 1 + 1 + 1', '2021-02-11 05:35:27', '2021-02-11 05:36:19'),
(1205, 153, 7, 33, 28, 64, 3.00, ' + 1 + 1 + 1', '2021-02-11 05:35:27', '2021-02-11 05:36:19'),
(1206, 154, 7, 15, 22, 64, 3.00, ' + 1 + 1 + 1', '2021-02-11 05:35:27', '2021-02-11 05:36:19'),
(1207, 154, 4, 33, 19, 64, 3.00, ' + 1 + 1 + 1', '2021-02-11 05:35:27', '2021-02-11 05:36:19'),
(1208, 154, 8, 22, 11, 64, 3.00, ' + 1 + 1 + 1', '2021-02-11 05:35:27', '2021-02-11 05:36:19'),
(1209, 153, 9, 27, 31, 64, 3.00, ' + 1 + 1 + 1', '2021-02-11 05:35:27', '2021-02-11 05:36:19'),
(1210, 154, 7, 28, 10, 64, 3.00, ' + 1 + 1 + 1', '2021-02-11 05:35:27', '2021-02-11 05:36:19'),
(1211, 154, 4, 26, 30, 64, 3.00, ' + 1 + 1 + 1', '2021-02-11 05:35:27', '2021-02-11 05:36:19'),
(1212, 154, 9, 26, 11, 64, 3.00, ' + 1 + 1 + 1', '2021-02-11 05:35:27', '2021-02-11 05:36:19'),
(1213, 153, 5, 27, 11, 64, 3.00, ' + 1 + 1 + 1', '2021-02-11 05:35:27', '2021-02-11 05:36:19'),
(1214, 154, 4, 33, 8, 64, 3.00, ' + 1 + 1 + 1', '2021-02-11 05:35:27', '2021-02-11 05:36:19'),
(1215, 153, 8, 28, 22, 64, 3.00, ' + 1 + 1 + 1', '2021-02-11 05:35:27', '2021-02-11 05:36:19'),
(1216, 154, 9, 33, 30, 64, 3.00, ' + 1 + 1 + 1', '2021-02-11 05:35:27', '2021-02-11 05:36:19'),
(1217, 153, 7, 15, 30, 65, NULL, NULL, '2021-02-11 05:35:27', '2021-02-11 05:35:27'),
(1218, 154, 6, 28, 31, 65, NULL, NULL, '2021-02-11 05:35:27', '2021-02-11 05:35:27'),
(1219, 153, 9, 33, 7, 65, NULL, NULL, '2021-02-11 05:35:28', '2021-02-11 05:35:28'),
(1220, 153, 4, 33, 31, 65, NULL, NULL, '2021-02-11 05:35:28', '2021-02-11 05:35:28'),
(1221, 153, 9, 22, 13, 65, NULL, NULL, '2021-02-11 05:35:28', '2021-02-11 05:35:28'),
(1222, 154, 5, 28, 7, 65, NULL, NULL, '2021-02-11 05:35:28', '2021-02-11 05:35:28'),
(1223, 154, 9, 28, 30, 65, NULL, NULL, '2021-02-11 05:35:28', '2021-02-11 05:35:28'),
(1224, 154, 7, 22, 28, 65, NULL, NULL, '2021-02-11 05:35:28', '2021-02-11 05:35:28'),
(1225, 154, 5, 27, 20, 65, NULL, NULL, '2021-02-11 05:35:28', '2021-02-11 05:35:28'),
(1226, 154, 6, 32, 12, 65, NULL, NULL, '2021-02-11 05:35:28', '2021-02-11 05:35:28'),
(1227, 154, 8, 28, 8, 65, NULL, NULL, '2021-02-11 05:35:28', '2021-02-11 05:35:28'),
(1228, 153, 5, 27, 19, 65, NULL, NULL, '2021-02-11 05:35:28', '2021-02-11 05:35:28'),
(1229, 154, 8, 30, 26, 65, NULL, NULL, '2021-02-11 05:35:28', '2021-02-11 05:35:28'),
(1230, 154, 8, 33, 25, 65, NULL, NULL, '2021-02-11 05:35:28', '2021-02-11 05:35:28'),
(1231, 153, 8, 32, 11, 65, NULL, NULL, '2021-02-11 05:35:28', '2021-02-11 05:35:28'),
(1232, 153, 5, 15, 17, 65, NULL, NULL, '2021-02-11 05:35:28', '2021-02-11 05:35:28'),
(1233, 153, 4, 28, 24, 65, NULL, NULL, '2021-02-11 05:35:28', '2021-02-11 05:35:28'),
(1234, 154, 8, 22, 12, 65, NULL, NULL, '2021-02-11 05:35:28', '2021-02-11 05:35:28'),
(1235, 154, 4, 27, 31, 65, NULL, NULL, '2021-02-11 05:35:28', '2021-02-11 05:35:28'),
(1236, 153, 4, 22, 16, 66, 3.00, ' + 1 + 1 + 1', '2021-02-11 05:35:28', '2021-02-11 05:36:28'),
(1237, 153, 5, 15, 14, 66, 3.00, ' + 1 + 1 + 1', '2021-02-11 05:35:28', '2021-02-11 05:36:28'),
(1238, 154, 8, 26, 10, 66, 3.00, ' + 1 + 1 + 1', '2021-02-11 05:35:28', '2021-02-11 05:36:28'),
(1239, 154, 6, 22, 25, 66, 3.00, ' + 1 + 1 + 1', '2021-02-11 05:35:28', '2021-02-11 05:36:28'),
(1240, 153, 8, 15, 19, 66, 3.00, ' + 1 + 1 + 1', '2021-02-11 05:35:28', '2021-02-11 05:36:28'),
(1241, 154, 9, 22, 7, 66, 3.00, ' + 1 + 1 + 1', '2021-02-11 05:35:28', '2021-02-11 05:36:28'),
(1242, 154, 6, 26, 26, 66, 3.00, ' + 1 + 1 + 1', '2021-02-11 05:35:28', '2021-02-11 05:36:28'),
(1243, 153, 9, 28, 15, 66, 3.00, ' + 1 + 1 + 1', '2021-02-11 05:35:28', '2021-02-11 05:36:28'),
(1244, 154, 7, 30, 8, 66, 3.00, ' + 1 + 1 + 1', '2021-02-11 05:35:28', '2021-02-11 05:36:28'),
(1245, 153, 7, 27, 17, 66, 3.00, ' + 1 + 1 + 1', '2021-02-11 05:35:28', '2021-02-11 05:36:28'),
(1246, 154, 8, 33, 11, 66, 3.00, ' + 1 + 1 + 1', '2021-02-11 05:35:28', '2021-02-11 05:36:28'),
(1247, 154, 4, 27, 8, 66, 3.00, ' + 1 + 1 + 1', '2021-02-11 05:35:28', '2021-02-11 05:36:28'),
(1248, 154, 9, 26, 7, 66, 3.00, ' + 1 + 1 + 1', '2021-02-11 05:35:28', '2021-02-11 05:36:28'),
(1249, 154, 7, 32, 15, 66, 3.00, ' + 1 + 1 + 1', '2021-02-11 05:35:28', '2021-02-11 05:36:28'),
(1250, 154, 7, 22, 13, 66, 3.00, ' + 1 + 1 + 1', '2021-02-11 05:35:28', '2021-02-11 05:36:28'),
(1251, 153, 4, 33, 22, 66, 3.00, ' + 1 + 1 + 1', '2021-02-11 05:35:28', '2021-02-11 05:36:28'),
(1252, 154, 7, 22, 24, 66, 3.00, ' + 1 + 1 + 1', '2021-02-11 05:35:28', '2021-02-11 05:36:28'),
(1253, 154, 6, 26, 11, 66, 3.00, ' + 1 + 1 + 1', '2021-02-11 05:35:28', '2021-02-11 05:36:28'),
(1254, 154, 6, 28, 24, 66, 3.00, ' + 1 + 1 + 1', '2021-02-11 05:35:28', '2021-02-11 05:36:28'),
(1255, 154, 5, 28, 20, 67, 2.00, ' + 1 + 1', '2021-02-11 05:35:28', '2021-02-11 05:36:26'),
(1256, 154, 4, 27, 29, 67, 2.00, ' + 1 + 1', '2021-02-11 05:35:29', '2021-02-11 05:36:26'),
(1257, 153, 9, 33, 29, 67, 2.00, ' + 1 + 1', '2021-02-11 05:35:29', '2021-02-11 05:36:26'),
(1258, 154, 9, 33, 16, 67, 2.00, ' + 1 + 1', '2021-02-11 05:35:29', '2021-02-11 05:36:26'),
(1259, 153, 4, 15, 9, 67, 2.00, ' + 1 + 1', '2021-02-11 05:35:29', '2021-02-11 05:36:26'),
(1260, 153, 9, 22, 13, 67, 2.00, ' + 1 + 1', '2021-02-11 05:35:29', '2021-02-11 05:36:26'),
(1261, 154, 9, 26, 30, 67, 2.00, ' + 1 + 1', '2021-02-11 05:35:29', '2021-02-11 05:36:26'),
(1262, 154, 9, 26, 19, 67, 2.00, ' + 1 + 1', '2021-02-11 05:35:29', '2021-02-11 05:36:26'),
(1263, 154, 8, 32, 30, 67, 2.00, ' + 1 + 1', '2021-02-11 05:35:29', '2021-02-11 05:36:26'),
(1264, 153, 6, 22, 7, 67, 2.00, ' + 1 + 1', '2021-02-11 05:35:29', '2021-02-11 05:36:26'),
(1265, 153, 5, 32, 14, 67, 2.00, ' + 1 + 1', '2021-02-11 05:35:29', '2021-02-11 05:36:26'),
(1266, 154, 6, 27, 12, 67, 2.00, ' + 1 + 1', '2021-02-11 05:35:29', '2021-02-11 05:36:26'),
(1267, 153, 7, 15, 27, 67, 2.00, ' + 1 + 1', '2021-02-11 05:35:29', '2021-02-11 05:36:26'),
(1268, 154, 6, 30, 16, 67, 2.00, ' + 1 + 1', '2021-02-11 05:35:29', '2021-02-11 05:36:26'),
(1269, 153, 4, 32, 20, 67, 2.00, ' + 1 + 1', '2021-02-11 05:35:29', '2021-02-11 05:36:26'),
(1270, 153, 7, 28, 21, 67, 2.00, ' + 1 + 1', '2021-02-11 05:35:29', '2021-02-11 05:36:26'),
(1271, 154, 5, 27, 20, 67, 2.00, ' + 1 + 1', '2021-02-11 05:35:29', '2021-02-11 05:36:26'),
(1272, 153, 9, 28, 27, 67, 2.00, ' + 1 + 1', '2021-02-11 05:35:29', '2021-02-11 05:36:26'),
(1273, 153, 8, 26, 28, 67, 2.00, ' + 1 + 1', '2021-02-11 05:35:29', '2021-02-11 05:36:26'),
(1274, 154, 4, 26, 31, 68, 1.00, ' + 1', '2021-02-11 05:35:29', '2021-02-11 05:36:15'),
(1275, 154, 6, 15, 31, 68, 1.00, ' + 1', '2021-02-11 05:35:29', '2021-02-11 05:36:15'),
(1276, 153, 7, 15, 11, 68, 1.00, ' + 1', '2021-02-11 05:35:29', '2021-02-11 05:36:15'),
(1277, 154, 9, 33, 26, 68, 1.00, ' + 1', '2021-02-11 05:35:29', '2021-02-11 05:36:15'),
(1278, 154, 5, 27, 16, 68, 1.00, ' + 1', '2021-02-11 05:35:29', '2021-02-11 05:36:15'),
(1279, 154, 6, 22, 11, 68, 1.00, ' + 1', '2021-02-11 05:35:29', '2021-02-11 05:36:15'),
(1280, 153, 5, 33, 13, 68, 1.00, ' + 1', '2021-02-11 05:35:29', '2021-02-11 05:36:15'),
(1281, 154, 8, 26, 17, 68, 1.00, ' + 1', '2021-02-11 05:35:29', '2021-02-11 05:36:15'),
(1282, 153, 7, 33, 28, 68, 1.00, ' + 1', '2021-02-11 05:35:29', '2021-02-11 05:36:15'),
(1283, 154, 5, 15, 11, 68, 1.00, ' + 1', '2021-02-11 05:35:29', '2021-02-11 05:36:15'),
(1284, 154, 6, 28, 18, 68, 1.00, ' + 1', '2021-02-11 05:35:29', '2021-02-11 05:36:15'),
(1285, 154, 6, 28, 24, 68, 1.00, ' + 1', '2021-02-11 05:35:29', '2021-02-11 05:36:15'),
(1286, 153, 9, 22, 10, 68, 1.00, ' + 1', '2021-02-11 05:35:29', '2021-02-11 05:36:15'),
(1287, 153, 6, 22, 9, 68, 1.00, ' + 1', '2021-02-11 05:35:29', '2021-02-11 05:36:15'),
(1288, 154, 4, 27, 21, 68, 1.00, ' + 1', '2021-02-11 05:35:29', '2021-02-11 05:36:15'),
(1289, 153, 8, 27, 16, 68, 1.00, ' + 1', '2021-02-11 05:35:29', '2021-02-11 05:36:15'),
(1290, 154, 4, 15, 12, 68, 1.00, ' + 1', '2021-02-11 05:35:29', '2021-02-11 05:36:15'),
(1291, 154, 6, 26, 27, 68, 1.00, ' + 1', '2021-02-11 05:35:29', '2021-02-11 05:36:15'),
(1292, 153, 7, 32, 30, 68, 1.00, ' + 1', '2021-02-11 05:35:29', '2021-02-11 05:36:15'),
(1293, 153, 8, 33, 24, 69, 1.00, ' + 1', '2021-02-11 05:35:29', '2021-02-11 05:36:12'),
(1294, 154, 4, 28, 26, 69, 1.00, ' + 1', '2021-02-11 05:35:29', '2021-02-11 05:36:12'),
(1295, 154, 5, 26, 10, 69, 1.00, ' + 1', '2021-02-11 05:35:29', '2021-02-11 05:36:12'),
(1296, 153, 7, 22, 27, 69, 1.00, ' + 1', '2021-02-11 05:35:29', '2021-02-11 05:36:12'),
(1297, 154, 7, 27, 10, 69, 1.00, ' + 1', '2021-02-11 05:35:29', '2021-02-11 05:36:12'),
(1298, 153, 5, 26, 12, 69, 1.00, ' + 1', '2021-02-11 05:35:29', '2021-02-11 05:36:12'),
(1299, 154, 7, 22, 29, 69, 1.00, ' + 1', '2021-02-11 05:35:29', '2021-02-11 05:36:12'),
(1300, 153, 9, 15, 21, 69, 1.00, ' + 1', '2021-02-11 05:35:30', '2021-02-11 05:36:12'),
(1301, 153, 8, 15, 12, 69, 1.00, ' + 1', '2021-02-11 05:35:30', '2021-02-11 05:36:12'),
(1302, 153, 4, 28, 14, 69, 1.00, ' + 1', '2021-02-11 05:35:30', '2021-02-11 05:36:12'),
(1303, 153, 7, 33, 24, 69, 1.00, ' + 1', '2021-02-11 05:35:30', '2021-02-11 05:36:12'),
(1304, 154, 5, 26, 14, 69, 1.00, ' + 1', '2021-02-11 05:35:30', '2021-02-11 05:36:12'),
(1305, 153, 9, 26, 29, 69, 1.00, ' + 1', '2021-02-11 05:35:30', '2021-02-11 05:36:12'),
(1306, 154, 9, 15, 9, 69, 1.00, ' + 1', '2021-02-11 05:35:30', '2021-02-11 05:36:12'),
(1307, 154, 6, 33, 30, 69, 1.00, ' + 1', '2021-02-11 05:35:30', '2021-02-11 05:36:12'),
(1308, 154, 5, 30, 16, 69, 1.00, ' + 1', '2021-02-11 05:35:30', '2021-02-11 05:36:12'),
(1309, 154, 7, 32, 16, 69, 1.00, ' + 1', '2021-02-11 05:35:30', '2021-02-11 05:36:12'),
(1310, 154, 5, 15, 13, 69, 1.00, ' + 1', '2021-02-11 05:35:30', '2021-02-11 05:36:12'),
(1311, 154, 6, 32, 10, 69, 1.00, ' + 1', '2021-02-11 05:35:30', '2021-02-11 05:36:12'),
(1312, 154, 9, 15, 30, 70, 5.00, ' + 1 + 1 + 1 + 1 + 1', '2021-02-11 05:35:30', '2021-02-11 05:36:29'),
(1313, 153, 6, 22, 24, 70, 5.00, ' + 1 + 1 + 1 + 1 + 1', '2021-02-11 05:35:30', '2021-02-11 05:36:29'),
(1314, 154, 7, 28, 30, 70, 5.00, ' + 1 + 1 + 1 + 1 + 1', '2021-02-11 05:35:30', '2021-02-11 05:36:29'),
(1315, 154, 9, 22, 19, 70, 5.00, ' + 1 + 1 + 1 + 1 + 1', '2021-02-11 05:35:30', '2021-02-11 05:36:29'),
(1316, 154, 7, 32, 27, 70, 5.00, ' + 1 + 1 + 1 + 1 + 1', '2021-02-11 05:35:30', '2021-02-11 05:36:29'),
(1317, 153, 4, 33, 25, 70, 5.00, ' + 1 + 1 + 1 + 1 + 1', '2021-02-11 05:35:30', '2021-02-11 05:36:29'),
(1318, 153, 6, 22, 24, 70, 5.00, ' + 1 + 1 + 1 + 1 + 1', '2021-02-11 05:35:30', '2021-02-11 05:36:29'),
(1319, 153, 6, 30, 8, 70, 5.00, ' + 1 + 1 + 1 + 1 + 1', '2021-02-11 05:35:30', '2021-02-11 05:36:29'),
(1320, 154, 7, 15, 25, 70, 5.00, ' + 1 + 1 + 1 + 1 + 1', '2021-02-11 05:35:30', '2021-02-11 05:36:29'),
(1321, 153, 5, 15, 15, 70, 5.00, ' + 1 + 1 + 1 + 1 + 1', '2021-02-11 05:35:30', '2021-02-11 05:36:29'),
(1322, 154, 5, 30, 30, 70, 5.00, ' + 1 + 1 + 1 + 1 + 1', '2021-02-11 05:35:30', '2021-02-11 05:36:29'),
(1323, 154, 5, 22, 24, 70, 5.00, ' + 1 + 1 + 1 + 1 + 1', '2021-02-11 05:35:30', '2021-02-11 05:36:29'),
(1324, 153, 7, 30, 20, 70, 5.00, ' + 1 + 1 + 1 + 1 + 1', '2021-02-11 05:35:30', '2021-02-11 05:36:29'),
(1325, 154, 4, 33, 8, 70, 5.00, ' + 1 + 1 + 1 + 1 + 1', '2021-02-11 05:35:30', '2021-02-11 05:36:29'),
(1326, 154, 5, 26, 16, 70, 5.00, ' + 1 + 1 + 1 + 1 + 1', '2021-02-11 05:35:30', '2021-02-11 05:36:29'),
(1327, 153, 7, 27, 20, 70, 5.00, ' + 1 + 1 + 1 + 1 + 1', '2021-02-11 05:35:30', '2021-02-11 05:36:29'),
(1328, 153, 9, 28, 12, 70, 5.00, ' + 1 + 1 + 1 + 1 + 1', '2021-02-11 05:35:30', '2021-02-11 05:36:29'),
(1329, 154, 9, 22, 18, 70, 5.00, ' + 1 + 1 + 1 + 1 + 1', '2021-02-11 05:35:30', '2021-02-11 05:36:29'),
(1330, 154, 4, 32, 14, 70, 5.00, ' + 1 + 1 + 1 + 1 + 1', '2021-02-11 05:35:30', '2021-02-11 05:36:29'),
(1331, 154, 4, 30, 21, 71, 1.00, ' + 1', '2021-02-11 05:35:30', '2021-02-11 05:36:14'),
(1332, 154, 8, 27, 16, 71, 1.00, ' + 1', '2021-02-11 05:35:30', '2021-02-11 05:36:14'),
(1333, 153, 4, 15, 16, 71, 1.00, ' + 1', '2021-02-11 05:35:30', '2021-02-11 05:36:14'),
(1334, 154, 4, 28, 11, 71, 1.00, ' + 1', '2021-02-11 05:35:30', '2021-02-11 05:36:14'),
(1335, 154, 6, 27, 17, 71, 1.00, ' + 1', '2021-02-11 05:35:30', '2021-02-11 05:36:14'),
(1336, 154, 9, 33, 22, 71, 1.00, ' + 1', '2021-02-11 05:35:31', '2021-02-11 05:36:14'),
(1337, 153, 6, 27, 10, 71, 1.00, ' + 1', '2021-02-11 05:35:31', '2021-02-11 05:36:14'),
(1338, 153, 4, 28, 28, 71, 1.00, ' + 1', '2021-02-11 05:35:31', '2021-02-11 05:36:14'),
(1339, 153, 5, 27, 7, 71, 1.00, ' + 1', '2021-02-11 05:35:31', '2021-02-11 05:36:14'),
(1340, 153, 8, 22, 21, 71, 1.00, ' + 1', '2021-02-11 05:35:31', '2021-02-11 05:36:14'),
(1341, 154, 7, 33, 30, 71, 1.00, ' + 1', '2021-02-11 05:35:31', '2021-02-11 05:36:14'),
(1342, 154, 6, 30, 28, 71, 1.00, ' + 1', '2021-02-11 05:35:31', '2021-02-11 05:36:14'),
(1343, 153, 7, 32, 22, 71, 1.00, ' + 1', '2021-02-11 05:35:31', '2021-02-11 05:36:14'),
(1344, 154, 5, 30, 25, 71, 1.00, ' + 1', '2021-02-11 05:35:31', '2021-02-11 05:36:14'),
(1345, 154, 8, 22, 28, 71, 1.00, ' + 1', '2021-02-11 05:35:31', '2021-02-11 05:36:14'),
(1346, 153, 9, 27, 15, 71, 1.00, ' + 1', '2021-02-11 05:35:31', '2021-02-11 05:36:14'),
(1347, 154, 6, 27, 13, 71, 1.00, ' + 1', '2021-02-11 05:35:31', '2021-02-11 05:36:14'),
(1348, 154, 4, 27, 13, 71, 1.00, ' + 1', '2021-02-11 05:35:31', '2021-02-11 05:36:14'),
(1349, 154, 9, 27, 16, 71, 1.00, ' + 1', '2021-02-11 05:35:31', '2021-02-11 05:36:14'),
(1350, 154, 5, 33, 15, 72, 2.00, ' + 1 + 1', '2021-02-11 05:35:31', '2021-02-11 05:36:20'),
(1351, 153, 8, 22, 21, 72, 2.00, ' + 1 + 1', '2021-02-11 05:35:31', '2021-02-11 05:36:20'),
(1352, 154, 5, 27, 21, 72, 2.00, ' + 1 + 1', '2021-02-11 05:35:31', '2021-02-11 05:36:20'),
(1353, 154, 6, 15, 14, 72, 2.00, ' + 1 + 1', '2021-02-11 05:35:31', '2021-02-11 05:36:20'),
(1354, 153, 4, 15, 18, 72, 2.00, ' + 1 + 1', '2021-02-11 05:35:31', '2021-02-11 05:36:20'),
(1355, 153, 5, 15, 19, 72, 2.00, ' + 1 + 1', '2021-02-11 05:35:31', '2021-02-11 05:36:20'),
(1356, 154, 7, 15, 25, 72, 2.00, ' + 1 + 1', '2021-02-11 05:35:31', '2021-02-11 05:36:20'),
(1357, 153, 9, 28, 16, 72, 2.00, ' + 1 + 1', '2021-02-11 05:35:31', '2021-02-11 05:36:20'),
(1358, 153, 9, 22, 10, 72, 2.00, ' + 1 + 1', '2021-02-11 05:35:31', '2021-02-11 05:36:20'),
(1359, 154, 6, 22, 16, 72, 2.00, ' + 1 + 1', '2021-02-11 05:35:31', '2021-02-11 05:36:20'),
(1360, 154, 8, 32, 11, 72, 2.00, ' + 1 + 1', '2021-02-11 05:35:31', '2021-02-11 05:36:20'),
(1361, 154, 4, 33, 11, 72, 2.00, ' + 1 + 1', '2021-02-11 05:35:31', '2021-02-11 05:36:20'),
(1362, 153, 7, 30, 30, 72, 2.00, ' + 1 + 1', '2021-02-11 05:35:31', '2021-02-11 05:36:20'),
(1363, 153, 5, 26, 21, 72, 2.00, ' + 1 + 1', '2021-02-11 05:35:31', '2021-02-11 05:36:20'),
(1364, 154, 7, 22, 24, 72, 2.00, ' + 1 + 1', '2021-02-11 05:35:31', '2021-02-11 05:36:20'),
(1365, 153, 4, 33, 9, 72, 2.00, ' + 1 + 1', '2021-02-11 05:35:31', '2021-02-11 05:36:20'),
(1366, 153, 4, 22, 16, 72, 2.00, ' + 1 + 1', '2021-02-11 05:35:31', '2021-02-11 05:36:20'),
(1367, 154, 7, 15, 27, 72, 2.00, ' + 1 + 1', '2021-02-11 05:35:31', '2021-02-11 05:36:20'),
(1368, 154, 8, 32, 27, 72, 2.00, ' + 1 + 1', '2021-02-11 05:35:31', '2021-02-11 05:36:20'),
(1369, 153, 8, 27, 17, 73, 2.00, ' + 1 + 1', '2021-02-11 05:35:31', '2021-02-11 05:36:26'),
(1370, 154, 9, 33, 9, 73, 2.00, ' + 1 + 1', '2021-02-11 05:35:31', '2021-02-11 05:36:26'),
(1371, 153, 9, 15, 13, 73, 2.00, ' + 1 + 1', '2021-02-11 05:35:31', '2021-02-11 05:36:26'),
(1372, 153, 4, 27, 20, 73, 2.00, ' + 1 + 1', '2021-02-11 05:35:31', '2021-02-11 05:36:26'),
(1373, 153, 4, 27, 25, 73, 2.00, ' + 1 + 1', '2021-02-11 05:35:31', '2021-02-11 05:36:26'),
(1374, 154, 8, 15, 25, 73, 2.00, ' + 1 + 1', '2021-02-11 05:35:31', '2021-02-11 05:36:26'),
(1375, 153, 9, 22, 26, 73, 2.00, ' + 1 + 1', '2021-02-11 05:35:31', '2021-02-11 05:36:26'),
(1376, 154, 9, 22, 27, 73, 2.00, ' + 1 + 1', '2021-02-11 05:35:31', '2021-02-11 05:36:26'),
(1377, 154, 7, 28, 7, 73, 2.00, ' + 1 + 1', '2021-02-11 05:35:32', '2021-02-11 05:36:26'),
(1378, 154, 5, 26, 19, 73, 2.00, ' + 1 + 1', '2021-02-11 05:35:32', '2021-02-11 05:36:26'),
(1379, 153, 4, 30, 26, 73, 2.00, ' + 1 + 1', '2021-02-11 05:35:32', '2021-02-11 05:36:26'),
(1380, 153, 6, 30, 25, 73, 2.00, ' + 1 + 1', '2021-02-11 05:35:32', '2021-02-11 05:36:26'),
(1381, 154, 5, 28, 19, 73, 2.00, ' + 1 + 1', '2021-02-11 05:35:32', '2021-02-11 05:36:26'),
(1382, 154, 4, 32, 15, 73, 2.00, ' + 1 + 1', '2021-02-11 05:35:32', '2021-02-11 05:36:26'),
(1383, 154, 5, 33, 8, 73, 2.00, ' + 1 + 1', '2021-02-11 05:35:32', '2021-02-11 05:36:26'),
(1384, 154, 5, 22, 10, 73, 2.00, ' + 1 + 1', '2021-02-11 05:35:32', '2021-02-11 05:36:26'),
(1385, 153, 6, 28, 12, 73, 2.00, ' + 1 + 1', '2021-02-11 05:35:32', '2021-02-11 05:36:26'),
(1386, 153, 7, 30, 23, 73, 2.00, ' + 1 + 1', '2021-02-11 05:35:32', '2021-02-11 05:36:26'),
(1387, 154, 6, 30, 28, 73, 2.00, ' + 1 + 1', '2021-02-11 05:35:32', '2021-02-11 05:36:26'),
(1388, 154, 4, 33, 9, 74, 5.00, ' + 1 + 1 + 1 + 1 + 1', '2021-02-11 05:35:32', '2021-02-11 05:36:23'),
(1389, 153, 4, 26, 19, 74, 5.00, ' + 1 + 1 + 1 + 1 + 1', '2021-02-11 05:35:32', '2021-02-11 05:36:23'),
(1390, 153, 8, 32, 18, 74, 5.00, ' + 1 + 1 + 1 + 1 + 1', '2021-02-11 05:35:32', '2021-02-11 05:36:23'),
(1391, 154, 7, 15, 22, 74, 5.00, ' + 1 + 1 + 1 + 1 + 1', '2021-02-11 05:35:32', '2021-02-11 05:36:23'),
(1392, 153, 7, 28, 21, 74, 5.00, ' + 1 + 1 + 1 + 1 + 1', '2021-02-11 05:35:32', '2021-02-11 05:36:23'),
(1393, 153, 8, 33, 12, 74, 5.00, ' + 1 + 1 + 1 + 1 + 1', '2021-02-11 05:35:32', '2021-02-11 05:36:23'),
(1394, 154, 9, 26, 18, 74, 5.00, ' + 1 + 1 + 1 + 1 + 1', '2021-02-11 05:35:32', '2021-02-11 05:36:23'),
(1395, 153, 4, 15, 23, 74, 5.00, ' + 1 + 1 + 1 + 1 + 1', '2021-02-11 05:35:32', '2021-02-11 05:36:23'),
(1396, 153, 6, 15, 19, 74, 5.00, ' + 1 + 1 + 1 + 1 + 1', '2021-02-11 05:35:32', '2021-02-11 05:36:23'),
(1397, 154, 4, 33, 7, 74, 5.00, ' + 1 + 1 + 1 + 1 + 1', '2021-02-11 05:35:32', '2021-02-11 05:36:23'),
(1398, 153, 9, 30, 13, 74, 5.00, ' + 1 + 1 + 1 + 1 + 1', '2021-02-11 05:35:32', '2021-02-11 05:36:23'),
(1399, 154, 9, 26, 14, 74, 5.00, ' + 1 + 1 + 1 + 1 + 1', '2021-02-11 05:35:32', '2021-02-11 05:36:23'),
(1400, 153, 7, 15, 19, 74, 5.00, ' + 1 + 1 + 1 + 1 + 1', '2021-02-11 05:35:32', '2021-02-11 05:36:23'),
(1401, 154, 7, 28, 31, 74, 5.00, ' + 1 + 1 + 1 + 1 + 1', '2021-02-11 05:35:32', '2021-02-11 05:36:23'),
(1402, 153, 6, 15, 20, 74, 5.00, ' + 1 + 1 + 1 + 1 + 1', '2021-02-11 05:35:32', '2021-02-11 05:36:23'),
(1403, 153, 6, 26, 30, 74, 5.00, ' + 1 + 1 + 1 + 1 + 1', '2021-02-11 05:35:32', '2021-02-11 05:36:23'),
(1404, 153, 7, 33, 16, 74, 5.00, ' + 1 + 1 + 1 + 1 + 1', '2021-02-11 05:35:32', '2021-02-11 05:36:23'),
(1405, 154, 8, 30, 22, 74, 5.00, ' + 1 + 1 + 1 + 1 + 1', '2021-02-11 05:35:32', '2021-02-11 05:36:23'),
(1406, 153, 4, 15, 19, 74, 5.00, ' + 1 + 1 + 1 + 1 + 1', '2021-02-11 05:35:32', '2021-02-11 05:36:23'),
(1407, 153, 9, 27, 21, 75, 3.00, ' + 1 + 1 + 1', '2021-02-11 05:35:32', '2021-02-11 05:36:15'),
(1408, 154, 5, 28, 23, 75, 3.00, ' + 1 + 1 + 1', '2021-02-11 05:35:32', '2021-02-11 05:36:15'),
(1409, 153, 6, 27, 8, 75, 3.00, ' + 1 + 1 + 1', '2021-02-11 05:35:32', '2021-02-11 05:36:15'),
(1410, 153, 7, 26, 26, 75, 3.00, ' + 1 + 1 + 1', '2021-02-11 05:35:32', '2021-02-11 05:36:15'),
(1411, 154, 7, 30, 26, 75, 3.00, ' + 1 + 1 + 1', '2021-02-11 05:35:32', '2021-02-11 05:36:15'),
(1412, 153, 5, 28, 12, 75, 3.00, ' + 1 + 1 + 1', '2021-02-11 05:35:32', '2021-02-11 05:36:15'),
(1413, 153, 5, 26, 28, 75, 3.00, ' + 1 + 1 + 1', '2021-02-11 05:35:32', '2021-02-11 05:36:15'),
(1414, 154, 7, 22, 18, 75, 3.00, ' + 1 + 1 + 1', '2021-02-11 05:35:33', '2021-02-11 05:36:15'),
(1415, 154, 6, 32, 18, 75, 3.00, ' + 1 + 1 + 1', '2021-02-11 05:35:33', '2021-02-11 05:36:15'),
(1416, 154, 8, 32, 11, 75, 3.00, ' + 1 + 1 + 1', '2021-02-11 05:35:33', '2021-02-11 05:36:15'),
(1417, 153, 8, 22, 17, 75, 3.00, ' + 1 + 1 + 1', '2021-02-11 05:35:33', '2021-02-11 05:36:15'),
(1418, 153, 5, 28, 31, 75, 3.00, ' + 1 + 1 + 1', '2021-02-11 05:35:33', '2021-02-11 05:36:15'),
(1419, 154, 8, 30, 24, 75, 3.00, ' + 1 + 1 + 1', '2021-02-11 05:35:33', '2021-02-11 05:36:15'),
(1420, 153, 6, 33, 17, 75, 3.00, ' + 1 + 1 + 1', '2021-02-11 05:35:33', '2021-02-11 05:36:15'),
(1421, 153, 5, 27, 7, 75, 3.00, ' + 1 + 1 + 1', '2021-02-11 05:35:33', '2021-02-11 05:36:15'),
(1422, 153, 9, 27, 17, 75, 3.00, ' + 1 + 1 + 1', '2021-02-11 05:35:33', '2021-02-11 05:36:15'),
(1423, 154, 6, 32, 28, 75, 3.00, ' + 1 + 1 + 1', '2021-02-11 05:35:33', '2021-02-11 05:36:15'),
(1424, 153, 4, 15, 24, 75, 3.00, ' + 1 + 1 + 1', '2021-02-11 05:35:33', '2021-02-11 05:36:15'),
(1425, 154, 5, 15, 18, 75, 3.00, ' + 1 + 1 + 1', '2021-02-11 05:35:33', '2021-02-11 05:36:15'),
(1426, 153, 6, 28, 13, 76, 3.00, ' + 1 + 1 + 1', '2021-02-11 05:35:33', '2021-02-11 05:36:27'),
(1427, 153, 9, 22, 7, 76, 3.00, ' + 1 + 1 + 1', '2021-02-11 05:35:33', '2021-02-11 05:36:27'),
(1428, 153, 4, 15, 19, 76, 3.00, ' + 1 + 1 + 1', '2021-02-11 05:35:33', '2021-02-11 05:36:27'),
(1429, 154, 6, 28, 31, 76, 3.00, ' + 1 + 1 + 1', '2021-02-11 05:35:33', '2021-02-11 05:36:27'),
(1430, 154, 8, 32, 9, 76, 3.00, ' + 1 + 1 + 1', '2021-02-11 05:35:33', '2021-02-11 05:36:27'),
(1431, 154, 4, 26, 7, 76, 3.00, ' + 1 + 1 + 1', '2021-02-11 05:35:33', '2021-02-11 05:36:27'),
(1432, 153, 7, 28, 12, 76, 3.00, ' + 1 + 1 + 1', '2021-02-11 05:35:33', '2021-02-11 05:36:27'),
(1433, 154, 9, 15, 25, 76, 3.00, ' + 1 + 1 + 1', '2021-02-11 05:35:33', '2021-02-11 05:36:27'),
(1434, 153, 4, 32, 25, 76, 3.00, ' + 1 + 1 + 1', '2021-02-11 05:35:33', '2021-02-11 05:36:27'),
(1435, 154, 6, 27, 13, 76, 3.00, ' + 1 + 1 + 1', '2021-02-11 05:35:33', '2021-02-11 05:36:28'),
(1436, 154, 9, 32, 31, 76, 3.00, ' + 1 + 1 + 1', '2021-02-11 05:35:33', '2021-02-11 05:36:28'),
(1437, 153, 9, 28, 23, 76, 3.00, ' + 1 + 1 + 1', '2021-02-11 05:35:33', '2021-02-11 05:36:28'),
(1438, 154, 4, 33, 27, 76, 3.00, ' + 1 + 1 + 1', '2021-02-11 05:35:33', '2021-02-11 05:36:28'),
(1439, 154, 4, 33, 9, 76, 3.00, ' + 1 + 1 + 1', '2021-02-11 05:35:33', '2021-02-11 05:36:28'),
(1440, 153, 7, 30, 7, 76, 3.00, ' + 1 + 1 + 1', '2021-02-11 05:35:33', '2021-02-11 05:36:28'),
(1441, 154, 8, 27, 9, 76, 3.00, ' + 1 + 1 + 1', '2021-02-11 05:35:33', '2021-02-11 05:36:28'),
(1442, 153, 7, 30, 13, 76, 3.00, ' + 1 + 1 + 1', '2021-02-11 05:35:33', '2021-02-11 05:36:28'),
(1443, 153, 9, 33, 15, 76, 3.00, ' + 1 + 1 + 1', '2021-02-11 05:35:33', '2021-02-11 05:36:28'),
(1444, 154, 5, 27, 11, 76, 3.00, ' + 1 + 1 + 1', '2021-02-11 05:35:33', '2021-02-11 05:36:28'),
(1445, 153, 8, 33, 23, 77, 3.00, ' + 2 + 1', '2021-02-11 05:35:33', '2021-02-11 05:36:29'),
(1446, 154, 6, 28, 22, 77, 3.00, ' + 2 + 1', '2021-02-11 05:35:33', '2021-02-11 05:36:29'),
(1447, 153, 9, 28, 20, 77, 3.00, ' + 2 + 1', '2021-02-11 05:35:33', '2021-02-11 05:36:29'),
(1448, 154, 4, 22, 15, 77, 3.00, ' + 2 + 1', '2021-02-11 05:35:33', '2021-02-11 05:36:29'),
(1449, 153, 8, 22, 9, 77, 3.00, ' + 2 + 1', '2021-02-11 05:35:33', '2021-02-11 05:36:29'),
(1450, 154, 6, 15, 30, 77, 3.00, ' + 2 + 1', '2021-02-11 05:35:33', '2021-02-11 05:36:29'),
(1451, 153, 8, 26, 18, 77, 3.00, ' + 2 + 1', '2021-02-11 05:35:33', '2021-02-11 05:36:30'),
(1452, 153, 8, 22, 25, 77, 3.00, ' + 2 + 1', '2021-02-11 05:35:34', '2021-02-11 05:36:30'),
(1453, 154, 7, 26, 9, 77, 3.00, ' + 2 + 1', '2021-02-11 05:35:34', '2021-02-11 05:36:30'),
(1454, 154, 5, 22, 23, 77, 3.00, ' + 2 + 1', '2021-02-11 05:35:34', '2021-02-11 05:36:30'),
(1455, 154, 6, 27, 21, 77, 3.00, ' + 2 + 1', '2021-02-11 05:35:34', '2021-02-11 05:36:30'),
(1456, 154, 8, 27, 12, 77, 3.00, ' + 2 + 1', '2021-02-11 05:35:34', '2021-02-11 05:36:30'),
(1457, 154, 9, 28, 29, 77, 3.00, ' + 2 + 1', '2021-02-11 05:35:34', '2021-02-11 05:36:30'),
(1458, 154, 6, 26, 17, 77, 3.00, ' + 2 + 1', '2021-02-11 05:35:34', '2021-02-11 05:36:30'),
(1459, 154, 8, 22, 25, 77, 3.00, ' + 2 + 1', '2021-02-11 05:35:34', '2021-02-11 05:36:30'),
(1460, 154, 4, 33, 11, 77, 3.00, ' + 2 + 1', '2021-02-11 05:35:34', '2021-02-11 05:36:30'),
(1461, 153, 6, 30, 15, 77, 3.00, ' + 2 + 1', '2021-02-11 05:35:34', '2021-02-11 05:36:30'),
(1462, 153, 8, 22, 7, 77, 3.00, ' + 2 + 1', '2021-02-11 05:35:34', '2021-02-11 05:36:30'),
(1463, 153, 9, 30, 31, 77, 3.00, ' + 2 + 1', '2021-02-11 05:35:34', '2021-02-11 05:36:30'),
(1464, 154, 4, 26, 18, 78, 1.00, ' + 1', '2021-02-11 05:35:34', '2021-02-11 05:36:16'),
(1465, 154, 5, 26, 26, 78, 1.00, ' + 1', '2021-02-11 05:35:34', '2021-02-11 05:36:16'),
(1466, 153, 9, 15, 9, 78, 1.00, ' + 1', '2021-02-11 05:35:34', '2021-02-11 05:36:16'),
(1467, 154, 5, 32, 24, 78, 1.00, ' + 1', '2021-02-11 05:35:34', '2021-02-11 05:36:16'),
(1468, 153, 4, 27, 11, 78, 1.00, ' + 1', '2021-02-11 05:35:34', '2021-02-11 05:36:16'),
(1469, 154, 9, 26, 11, 78, 1.00, ' + 1', '2021-02-11 05:35:34', '2021-02-11 05:36:16'),
(1470, 153, 9, 32, 24, 78, 1.00, ' + 1', '2021-02-11 05:35:34', '2021-02-11 05:36:16'),
(1471, 154, 8, 26, 21, 78, 1.00, ' + 1', '2021-02-11 05:35:34', '2021-02-11 05:36:16'),
(1472, 154, 7, 22, 17, 78, 1.00, ' + 1', '2021-02-11 05:35:34', '2021-02-11 05:36:16'),
(1473, 154, 7, 22, 31, 78, 1.00, ' + 1', '2021-02-11 05:35:34', '2021-02-11 05:36:16'),
(1474, 153, 5, 33, 24, 78, 1.00, ' + 1', '2021-02-11 05:35:34', '2021-02-11 05:36:16'),
(1475, 153, 6, 22, 9, 78, 1.00, ' + 1', '2021-02-11 05:35:34', '2021-02-11 05:36:16'),
(1476, 154, 7, 28, 14, 78, 1.00, ' + 1', '2021-02-11 05:35:34', '2021-02-11 05:36:16'),
(1477, 154, 9, 33, 15, 78, 1.00, ' + 1', '2021-02-11 05:35:34', '2021-02-11 05:36:16'),
(1478, 154, 5, 28, 13, 78, 1.00, ' + 1', '2021-02-11 05:35:34', '2021-02-11 05:36:16'),
(1479, 153, 9, 28, 14, 78, 1.00, ' + 1', '2021-02-11 05:35:34', '2021-02-11 05:36:16'),
(1480, 153, 8, 33, 17, 78, 1.00, ' + 1', '2021-02-11 05:35:34', '2021-02-11 05:36:16'),
(1481, 153, 9, 30, 29, 78, 1.00, ' + 1', '2021-02-11 05:35:34', '2021-02-11 05:36:16'),
(1482, 154, 9, 22, 14, 78, 1.00, ' + 1', '2021-02-11 05:35:34', '2021-02-11 05:36:16'),
(1483, 154, 7, 32, 26, 79, 3.00, ' + 1 + 1 + 1', '2021-02-11 05:35:34', '2021-02-11 05:36:17'),
(1484, 154, 4, 27, 21, 79, 3.00, ' + 1 + 1 + 1', '2021-02-11 05:35:34', '2021-02-11 05:36:17'),
(1485, 154, 7, 32, 16, 79, 3.00, ' + 1 + 1 + 1', '2021-02-11 05:35:34', '2021-02-11 05:36:17'),
(1486, 153, 8, 30, 25, 79, 3.00, ' + 1 + 1 + 1', '2021-02-11 05:35:34', '2021-02-11 05:36:17'),
(1487, 154, 5, 22, 31, 79, 3.00, ' + 1 + 1 + 1', '2021-02-11 05:35:34', '2021-02-11 05:36:17'),
(1488, 153, 7, 15, 30, 79, 3.00, ' + 1 + 1 + 1', '2021-02-11 05:35:34', '2021-02-11 05:36:17'),
(1489, 154, 9, 26, 23, 79, 3.00, ' + 1 + 1 + 1', '2021-02-11 05:35:35', '2021-02-11 05:36:17'),
(1490, 153, 4, 33, 22, 79, 3.00, ' + 1 + 1 + 1', '2021-02-11 05:35:35', '2021-02-11 05:36:17'),
(1491, 153, 4, 33, 16, 79, 3.00, ' + 1 + 1 + 1', '2021-02-11 05:35:35', '2021-02-11 05:36:17'),
(1492, 153, 8, 30, 13, 79, 3.00, ' + 1 + 1 + 1', '2021-02-11 05:35:35', '2021-02-11 05:36:17'),
(1493, 153, 6, 30, 12, 79, 3.00, ' + 1 + 1 + 1', '2021-02-11 05:35:35', '2021-02-11 05:36:17'),
(1494, 153, 7, 22, 9, 79, 3.00, ' + 1 + 1 + 1', '2021-02-11 05:35:35', '2021-02-11 05:36:17'),
(1495, 154, 6, 28, 24, 79, 3.00, ' + 1 + 1 + 1', '2021-02-11 05:35:35', '2021-02-11 05:36:17'),
(1496, 153, 4, 15, 27, 79, 3.00, ' + 1 + 1 + 1', '2021-02-11 05:35:35', '2021-02-11 05:36:17'),
(1497, 153, 7, 33, 7, 79, 3.00, ' + 1 + 1 + 1', '2021-02-11 05:35:35', '2021-02-11 05:36:17'),
(1498, 153, 5, 27, 16, 79, 3.00, ' + 1 + 1 + 1', '2021-02-11 05:35:35', '2021-02-11 05:36:17'),
(1499, 153, 5, 26, 24, 79, 3.00, ' + 1 + 1 + 1', '2021-02-11 05:35:35', '2021-02-11 05:36:17'),
(1500, 153, 9, 30, 20, 79, 3.00, ' + 1 + 1 + 1', '2021-02-11 05:35:35', '2021-02-11 05:36:17'),
(1501, 153, 5, 30, 18, 79, 3.00, ' + 1 + 1 + 1', '2021-02-11 05:35:35', '2021-02-11 05:36:17'),
(1502, 154, 4, 33, 18, 80, 3.00, ' + 1 + 1 + 1', '2021-02-11 05:35:35', '2021-02-11 05:36:19'),
(1503, 154, 8, 22, 11, 80, 3.00, ' + 1 + 1 + 1', '2021-02-11 05:35:35', '2021-02-11 05:36:19'),
(1504, 153, 7, 27, 31, 80, 3.00, ' + 1 + 1 + 1', '2021-02-11 05:35:35', '2021-02-11 05:36:19'),
(1505, 154, 5, 27, 23, 80, 3.00, ' + 1 + 1 + 1', '2021-02-11 05:35:35', '2021-02-11 05:36:19'),
(1506, 154, 7, 26, 11, 80, 3.00, ' + 1 + 1 + 1', '2021-02-11 05:35:35', '2021-02-11 05:36:19'),
(1507, 154, 6, 33, 27, 80, 3.00, ' + 1 + 1 + 1', '2021-02-11 05:35:35', '2021-02-11 05:36:19'),
(1508, 154, 8, 22, 9, 80, 3.00, ' + 1 + 1 + 1', '2021-02-11 05:35:35', '2021-02-11 05:36:19'),
(1509, 153, 9, 30, 22, 80, 3.00, ' + 1 + 1 + 1', '2021-02-11 05:35:35', '2021-02-11 05:36:19'),
(1510, 154, 5, 28, 7, 80, 3.00, ' + 1 + 1 + 1', '2021-02-11 05:35:35', '2021-02-11 05:36:19'),
(1511, 153, 6, 15, 23, 80, 3.00, ' + 1 + 1 + 1', '2021-02-11 05:35:35', '2021-02-11 05:36:19'),
(1512, 154, 7, 26, 25, 80, 3.00, ' + 1 + 1 + 1', '2021-02-11 05:35:35', '2021-02-11 05:36:19'),
(1513, 153, 9, 32, 7, 80, 3.00, ' + 1 + 1 + 1', '2021-02-11 05:35:35', '2021-02-11 05:36:19'),
(1514, 153, 8, 32, 17, 80, 3.00, ' + 1 + 1 + 1', '2021-02-11 05:35:35', '2021-02-11 05:36:19'),
(1515, 154, 6, 26, 24, 80, 3.00, ' + 1 + 1 + 1', '2021-02-11 05:35:35', '2021-02-11 05:36:19'),
(1516, 154, 6, 27, 10, 80, 3.00, ' + 1 + 1 + 1', '2021-02-11 05:35:35', '2021-02-11 05:36:19'),
(1517, 153, 8, 27, 28, 80, 3.00, ' + 1 + 1 + 1', '2021-02-11 05:35:35', '2021-02-11 05:36:19'),
(1518, 153, 4, 15, 24, 80, 3.00, ' + 1 + 1 + 1', '2021-02-11 05:35:35', '2021-02-11 05:36:19'),
(1519, 153, 8, 32, 20, 80, 3.00, ' + 1 + 1 + 1', '2021-02-11 05:35:36', '2021-02-11 05:36:19'),
(1520, 154, 4, 28, 20, 80, 3.00, ' + 1 + 1 + 1', '2021-02-11 05:35:36', '2021-02-11 05:36:19'),
(1521, 154, 5, 22, 31, 81, 2.00, ' + 1 + 1', '2021-02-11 05:35:36', '2021-02-11 05:36:23'),
(1522, 153, 5, 32, 22, 81, 2.00, ' + 1 + 1', '2021-02-11 05:35:36', '2021-02-11 05:36:23'),
(1523, 154, 9, 22, 27, 81, 2.00, ' + 1 + 1', '2021-02-11 05:35:36', '2021-02-11 05:36:23'),
(1524, 153, 6, 32, 8, 81, 2.00, ' + 1 + 1', '2021-02-11 05:35:36', '2021-02-11 05:36:23'),
(1525, 153, 6, 26, 20, 81, 2.00, ' + 1 + 1', '2021-02-11 05:35:36', '2021-02-11 05:36:23'),
(1526, 154, 5, 32, 20, 81, 2.00, ' + 1 + 1', '2021-02-11 05:35:36', '2021-02-11 05:36:23'),
(1527, 154, 5, 30, 30, 81, 2.00, ' + 1 + 1', '2021-02-11 05:35:36', '2021-02-11 05:36:23'),
(1528, 153, 8, 32, 23, 81, 2.00, ' + 1 + 1', '2021-02-11 05:35:36', '2021-02-11 05:36:23'),
(1529, 153, 7, 22, 12, 81, 2.00, ' + 1 + 1', '2021-02-11 05:35:36', '2021-02-11 05:36:23'),
(1530, 153, 5, 28, 21, 81, 2.00, ' + 1 + 1', '2021-02-11 05:35:36', '2021-02-11 05:36:23'),
(1531, 153, 4, 15, 27, 81, 2.00, ' + 1 + 1', '2021-02-11 05:35:36', '2021-02-11 05:36:23'),
(1532, 153, 5, 22, 21, 81, 2.00, ' + 1 + 1', '2021-02-11 05:35:36', '2021-02-11 05:36:23'),
(1533, 154, 7, 22, 15, 81, 2.00, ' + 1 + 1', '2021-02-11 05:35:36', '2021-02-11 05:36:23'),
(1534, 154, 6, 28, 12, 81, 2.00, ' + 1 + 1', '2021-02-11 05:35:36', '2021-02-11 05:36:23'),
(1535, 154, 6, 27, 30, 81, 2.00, ' + 1 + 1', '2021-02-11 05:35:36', '2021-02-11 05:36:23'),
(1536, 153, 9, 32, 11, 81, 2.00, ' + 1 + 1', '2021-02-11 05:35:36', '2021-02-11 05:36:23'),
(1537, 153, 7, 33, 18, 81, 2.00, ' + 1 + 1', '2021-02-11 05:35:36', '2021-02-11 05:36:23'),
(1538, 154, 7, 26, 9, 81, 2.00, ' + 1 + 1', '2021-02-11 05:35:36', '2021-02-11 05:36:23'),
(1539, 154, 6, 27, 9, 81, 2.00, ' + 1 + 1', '2021-02-11 05:35:36', '2021-02-11 05:36:23'),
(1540, 153, 9, 32, 24, 82, 2.00, ' + 1 + 1', '2021-02-11 05:35:36', '2021-02-11 05:36:23'),
(1541, 154, 6, 15, 17, 82, 2.00, ' + 1 + 1', '2021-02-11 05:35:36', '2021-02-11 05:36:23'),
(1542, 154, 9, 15, 31, 82, 2.00, ' + 1 + 1', '2021-02-11 05:35:36', '2021-02-11 05:36:23'),
(1543, 153, 9, 22, 8, 82, 2.00, ' + 1 + 1', '2021-02-11 05:35:36', '2021-02-11 05:36:23'),
(1544, 154, 6, 15, 16, 82, 2.00, ' + 1 + 1', '2021-02-11 05:35:36', '2021-02-11 05:36:23'),
(1545, 153, 5, 26, 24, 82, 2.00, ' + 1 + 1', '2021-02-11 05:35:36', '2021-02-11 05:36:23'),
(1546, 153, 7, 22, 7, 82, 2.00, ' + 1 + 1', '2021-02-11 05:35:36', '2021-02-11 05:36:23'),
(1547, 154, 7, 26, 14, 82, 2.00, ' + 1 + 1', '2021-02-11 05:35:36', '2021-02-11 05:36:23'),
(1548, 153, 9, 33, 31, 82, 2.00, ' + 1 + 1', '2021-02-11 05:35:36', '2021-02-11 05:36:23'),
(1549, 153, 8, 15, 11, 82, 2.00, ' + 1 + 1', '2021-02-11 05:35:36', '2021-02-11 05:36:23'),
(1550, 154, 7, 33, 26, 82, 2.00, ' + 1 + 1', '2021-02-11 05:35:36', '2021-02-11 05:36:23'),
(1551, 153, 4, 32, 17, 82, 2.00, ' + 1 + 1', '2021-02-11 05:35:36', '2021-02-11 05:36:23'),
(1552, 153, 7, 27, 31, 82, 2.00, ' + 1 + 1', '2021-02-11 05:35:36', '2021-02-11 05:36:23'),
(1553, 153, 5, 32, 29, 82, 2.00, ' + 1 + 1', '2021-02-11 05:35:36', '2021-02-11 05:36:23'),
(1554, 153, 5, 27, 24, 82, 2.00, ' + 1 + 1', '2021-02-11 05:35:37', '2021-02-11 05:36:23'),
(1555, 154, 5, 26, 30, 82, 2.00, ' + 1 + 1', '2021-02-11 05:35:37', '2021-02-11 05:36:23'),
(1556, 153, 6, 22, 25, 82, 2.00, ' + 1 + 1', '2021-02-11 05:35:37', '2021-02-11 05:36:23'),
(1557, 153, 8, 26, 18, 82, 2.00, ' + 1 + 1', '2021-02-11 05:35:37', '2021-02-11 05:36:23'),
(1558, 153, 6, 33, 18, 82, 2.00, ' + 1 + 1', '2021-02-11 05:35:37', '2021-02-11 05:36:23'),
(1559, 153, 7, 15, 15, 83, 1.00, ' + 1', '2021-02-11 05:35:37', '2021-02-11 05:36:08'),
(1560, 154, 4, 33, 15, 83, 1.00, ' + 1', '2021-02-11 05:35:37', '2021-02-11 05:36:08'),
(1561, 153, 5, 32, 28, 83, 1.00, ' + 1', '2021-02-11 05:35:37', '2021-02-11 05:36:08'),
(1562, 153, 7, 32, 7, 83, 1.00, ' + 1', '2021-02-11 05:35:37', '2021-02-11 05:36:08'),
(1563, 154, 5, 15, 23, 83, 1.00, ' + 1', '2021-02-11 05:35:37', '2021-02-11 05:36:08'),
(1564, 154, 9, 22, 28, 83, 1.00, ' + 1', '2021-02-11 05:35:37', '2021-02-11 05:36:08'),
(1565, 153, 8, 33, 15, 83, 1.00, ' + 1', '2021-02-11 05:35:37', '2021-02-11 05:36:08'),
(1566, 153, 6, 28, 26, 83, 1.00, ' + 1', '2021-02-11 05:35:37', '2021-02-11 05:36:08'),
(1567, 154, 5, 30, 11, 83, 1.00, ' + 1', '2021-02-11 05:35:37', '2021-02-11 05:36:08'),
(1568, 154, 5, 28, 31, 83, 1.00, ' + 1', '2021-02-11 05:35:37', '2021-02-11 05:36:08'),
(1569, 153, 5, 33, 11, 83, 1.00, ' + 1', '2021-02-11 05:35:37', '2021-02-11 05:36:08'),
(1570, 153, 9, 32, 9, 83, 1.00, ' + 1', '2021-02-11 05:35:37', '2021-02-11 05:36:08'),
(1571, 153, 9, 22, 29, 83, 1.00, ' + 1', '2021-02-11 05:35:37', '2021-02-11 05:36:08'),
(1572, 154, 9, 27, 31, 83, 1.00, ' + 1', '2021-02-11 05:35:37', '2021-02-11 05:36:08'),
(1573, 154, 4, 32, 8, 83, 1.00, ' + 1', '2021-02-11 05:35:37', '2021-02-11 05:36:08'),
(1574, 154, 7, 15, 17, 83, 1.00, ' + 1', '2021-02-11 05:35:37', '2021-02-11 05:36:08'),
(1575, 153, 7, 26, 16, 83, 1.00, ' + 1', '2021-02-11 05:35:37', '2021-02-11 05:36:08'),
(1576, 154, 5, 26, 28, 83, 1.00, ' + 1', '2021-02-11 05:35:37', '2021-02-11 05:36:08'),
(1577, 153, 8, 33, 24, 83, 1.00, ' + 1', '2021-02-11 05:35:37', '2021-02-11 05:36:08'),
(1578, 153, 9, 22, 7, 84, 3.00, ' + 1 + 2', '2021-02-11 05:35:37', '2021-02-11 05:36:11'),
(1579, 154, 5, 27, 13, 84, 3.00, ' + 1 + 2', '2021-02-11 05:35:37', '2021-02-11 05:36:11'),
(1580, 153, 6, 15, 19, 84, 3.00, ' + 1 + 2', '2021-02-11 05:35:37', '2021-02-11 05:36:11'),
(1581, 153, 5, 15, 31, 84, 3.00, ' + 1 + 2', '2021-02-11 05:35:37', '2021-02-11 05:36:11'),
(1582, 153, 6, 28, 30, 84, 3.00, ' + 1 + 2', '2021-02-11 05:35:37', '2021-02-11 05:36:11'),
(1583, 154, 4, 33, 11, 84, 3.00, ' + 1 + 2', '2021-02-11 05:35:37', '2021-02-11 05:36:11'),
(1584, 154, 9, 15, 24, 84, 3.00, ' + 1 + 2', '2021-02-11 05:35:37', '2021-02-11 05:36:11'),
(1585, 154, 5, 30, 29, 84, 3.00, ' + 1 + 2', '2021-02-11 05:35:37', '2021-02-11 05:36:11'),
(1586, 153, 4, 28, 23, 84, 3.00, ' + 1 + 2', '2021-02-11 05:35:37', '2021-02-11 05:36:11'),
(1587, 154, 7, 30, 27, 84, 3.00, ' + 1 + 2', '2021-02-11 05:35:37', '2021-02-11 05:36:11'),
(1588, 154, 4, 33, 10, 84, 3.00, ' + 1 + 2', '2021-02-11 05:35:37', '2021-02-11 05:36:11'),
(1589, 154, 9, 26, 26, 84, 3.00, ' + 1 + 2', '2021-02-11 05:35:38', '2021-02-11 05:36:11'),
(1590, 153, 4, 15, 14, 84, 3.00, ' + 1 + 2', '2021-02-11 05:35:38', '2021-02-11 05:36:11'),
(1591, 154, 4, 27, 22, 84, 3.00, ' + 1 + 2', '2021-02-11 05:35:38', '2021-02-11 05:36:11'),
(1592, 153, 7, 28, 17, 84, 3.00, ' + 1 + 2', '2021-02-11 05:35:38', '2021-02-11 05:36:11'),
(1593, 153, 6, 15, 28, 84, 3.00, ' + 1 + 2', '2021-02-11 05:35:38', '2021-02-11 05:36:11'),
(1594, 153, 4, 26, 19, 84, 3.00, ' + 1 + 2', '2021-02-11 05:35:38', '2021-02-11 05:36:11'),
(1595, 154, 6, 28, 18, 84, 3.00, ' + 1 + 2', '2021-02-11 05:35:38', '2021-02-11 05:36:11'),
(1596, 154, 4, 33, 20, 84, 3.00, ' + 1 + 2', '2021-02-11 05:35:38', '2021-02-11 05:36:11'),
(1597, 154, 6, 30, 26, 85, 2.00, ' + 1 + 1', '2021-02-11 05:35:38', '2021-02-11 05:36:27'),
(1598, 153, 4, 15, 19, 85, 2.00, ' + 1 + 1', '2021-02-11 05:35:38', '2021-02-11 05:36:27'),
(1599, 154, 6, 27, 10, 85, 2.00, ' + 1 + 1', '2021-02-11 05:35:38', '2021-02-11 05:36:27'),
(1600, 154, 7, 28, 11, 85, 2.00, ' + 1 + 1', '2021-02-11 05:35:38', '2021-02-11 05:36:27'),
(1601, 153, 7, 15, 18, 85, 2.00, ' + 1 + 1', '2021-02-11 05:35:38', '2021-02-11 05:36:27'),
(1602, 154, 6, 27, 12, 85, 2.00, ' + 1 + 1', '2021-02-11 05:35:38', '2021-02-11 05:36:27'),
(1603, 154, 5, 22, 26, 85, 2.00, ' + 1 + 1', '2021-02-11 05:35:38', '2021-02-11 05:36:27'),
(1604, 154, 8, 30, 20, 85, 2.00, ' + 1 + 1', '2021-02-11 05:35:38', '2021-02-11 05:36:27'),
(1605, 153, 5, 15, 25, 85, 2.00, ' + 1 + 1', '2021-02-11 05:35:38', '2021-02-11 05:36:27'),
(1606, 154, 6, 33, 21, 85, 2.00, ' + 1 + 1', '2021-02-11 05:35:38', '2021-02-11 05:36:27'),
(1607, 154, 4, 15, 28, 85, 2.00, ' + 1 + 1', '2021-02-11 05:35:38', '2021-02-11 05:36:27'),
(1608, 154, 5, 27, 13, 85, 2.00, ' + 1 + 1', '2021-02-11 05:35:38', '2021-02-11 05:36:27'),
(1609, 154, 7, 32, 11, 85, 2.00, ' + 1 + 1', '2021-02-11 05:35:38', '2021-02-11 05:36:27'),
(1610, 153, 9, 26, 27, 85, 2.00, ' + 1 + 1', '2021-02-11 05:35:38', '2021-02-11 05:36:27'),
(1611, 154, 8, 26, 9, 85, 2.00, ' + 1 + 1', '2021-02-11 05:35:38', '2021-02-11 05:36:27'),
(1612, 153, 9, 22, 10, 85, 2.00, ' + 1 + 1', '2021-02-11 05:35:38', '2021-02-11 05:36:27'),
(1613, 154, 7, 26, 8, 85, 2.00, ' + 1 + 1', '2021-02-11 05:35:38', '2021-02-11 05:36:27'),
(1614, 154, 5, 32, 27, 85, 2.00, ' + 1 + 1', '2021-02-11 05:35:38', '2021-02-11 05:36:27'),
(1615, 153, 9, 27, 17, 85, 2.00, ' + 1 + 1', '2021-02-11 05:35:38', '2021-02-11 05:36:27'),
(1616, 153, 9, 28, 25, 86, 2.00, ' + 1 + 1', '2021-02-11 05:35:38', '2021-02-11 05:36:12'),
(1617, 154, 8, 27, 8, 86, 2.00, ' + 1 + 1', '2021-02-11 05:35:38', '2021-02-11 05:36:12'),
(1618, 154, 6, 22, 23, 86, 2.00, ' + 1 + 1', '2021-02-11 05:35:38', '2021-02-11 05:36:12'),
(1619, 154, 5, 22, 7, 86, 2.00, ' + 1 + 1', '2021-02-11 05:35:38', '2021-02-11 05:36:12'),
(1620, 153, 5, 28, 15, 86, 2.00, ' + 1 + 1', '2021-02-11 05:35:38', '2021-02-11 05:36:12'),
(1621, 153, 8, 27, 16, 86, 2.00, ' + 1 + 1', '2021-02-11 05:35:38', '2021-02-11 05:36:12'),
(1622, 154, 6, 26, 10, 86, 2.00, ' + 1 + 1', '2021-02-11 05:35:38', '2021-02-11 05:36:12'),
(1623, 154, 4, 22, 26, 86, 2.00, ' + 1 + 1', '2021-02-11 05:35:38', '2021-02-11 05:36:12'),
(1624, 154, 9, 26, 26, 86, 2.00, ' + 1 + 1', '2021-02-11 05:35:39', '2021-02-11 05:36:12'),
(1625, 154, 4, 30, 31, 86, 2.00, ' + 1 + 1', '2021-02-11 05:35:39', '2021-02-11 05:36:12'),
(1626, 153, 7, 30, 16, 86, 2.00, ' + 1 + 1', '2021-02-11 05:35:39', '2021-02-11 05:36:12'),
(1627, 154, 8, 28, 23, 86, 2.00, ' + 1 + 1', '2021-02-11 05:35:39', '2021-02-11 05:36:12'),
(1628, 154, 8, 22, 31, 86, 2.00, ' + 1 + 1', '2021-02-11 05:35:39', '2021-02-11 05:36:12'),
(1629, 154, 6, 27, 11, 86, 2.00, ' + 1 + 1', '2021-02-11 05:35:39', '2021-02-11 05:36:12'),
(1630, 153, 8, 27, 9, 86, 2.00, ' + 1 + 1', '2021-02-11 05:35:39', '2021-02-11 05:36:12'),
(1631, 153, 9, 32, 19, 86, 2.00, ' + 1 + 1', '2021-02-11 05:35:39', '2021-02-11 05:36:12'),
(1632, 154, 5, 22, 20, 86, 2.00, ' + 1 + 1', '2021-02-11 05:35:39', '2021-02-11 05:36:12'),
(1633, 153, 4, 22, 10, 86, 2.00, ' + 1 + 1', '2021-02-11 05:35:39', '2021-02-11 05:36:12'),
(1634, 154, 9, 15, 23, 86, 2.00, ' + 1 + 1', '2021-02-11 05:35:39', '2021-02-11 05:36:12'),
(1635, 154, 4, 22, 18, 87, 1.00, ' + 1', '2021-02-11 05:35:39', '2021-02-11 05:36:17'),
(1636, 154, 6, 33, 25, 87, 1.00, ' + 1', '2021-02-11 05:35:39', '2021-02-11 05:36:17'),
(1637, 154, 9, 15, 25, 87, 1.00, ' + 1', '2021-02-11 05:35:39', '2021-02-11 05:36:17'),
(1638, 153, 4, 33, 15, 87, 1.00, ' + 1', '2021-02-11 05:35:39', '2021-02-11 05:36:17'),
(1639, 154, 9, 30, 12, 87, 1.00, ' + 1', '2021-02-11 05:35:39', '2021-02-11 05:36:17'),
(1640, 153, 5, 28, 30, 87, 1.00, ' + 1', '2021-02-11 05:35:39', '2021-02-11 05:36:17'),
(1641, 154, 7, 32, 27, 87, 1.00, ' + 1', '2021-02-11 05:35:39', '2021-02-11 05:36:17'),
(1642, 154, 5, 33, 9, 87, 1.00, ' + 1', '2021-02-11 05:35:39', '2021-02-11 05:36:17'),
(1643, 153, 9, 27, 30, 87, 1.00, ' + 1', '2021-02-11 05:35:39', '2021-02-11 05:36:17'),
(1644, 153, 4, 26, 24, 87, 1.00, ' + 1', '2021-02-11 05:35:39', '2021-02-11 05:36:17');
INSERT INTO `schedules` (`id`, `teachs_id`, `days_id`, `times_id`, `rooms_id`, `type`, `value`, `value_process`, `created_at`, `updated_at`) VALUES
(1645, 154, 9, 22, 11, 87, 1.00, ' + 1', '2021-02-11 05:35:39', '2021-02-11 05:36:17'),
(1646, 153, 6, 27, 7, 87, 1.00, ' + 1', '2021-02-11 05:35:39', '2021-02-11 05:36:17'),
(1647, 153, 6, 28, 16, 87, 1.00, ' + 1', '2021-02-11 05:35:39', '2021-02-11 05:36:18'),
(1648, 154, 9, 32, 27, 87, 1.00, ' + 1', '2021-02-11 05:35:39', '2021-02-11 05:36:18'),
(1649, 153, 9, 15, 31, 87, 1.00, ' + 1', '2021-02-11 05:35:39', '2021-02-11 05:36:18'),
(1650, 153, 7, 26, 24, 87, 1.00, ' + 1', '2021-02-11 05:35:39', '2021-02-11 05:36:18'),
(1651, 154, 7, 32, 15, 87, 1.00, ' + 1', '2021-02-11 05:35:39', '2021-02-11 05:36:18'),
(1652, 154, 6, 22, 8, 87, 1.00, ' + 1', '2021-02-11 05:35:39', '2021-02-11 05:36:18'),
(1653, 153, 5, 26, 20, 87, 1.00, ' + 1', '2021-02-11 05:35:39', '2021-02-11 05:36:18'),
(1654, 153, 4, 27, 14, 88, 1.00, ' + 1', '2021-02-11 05:35:39', '2021-02-11 05:36:06'),
(1655, 154, 7, 32, 24, 88, 1.00, ' + 1', '2021-02-11 05:35:39', '2021-02-11 05:36:06'),
(1656, 153, 7, 22, 10, 88, 1.00, ' + 1', '2021-02-11 05:35:39', '2021-02-11 05:36:06'),
(1657, 154, 8, 27, 13, 88, 1.00, ' + 1', '2021-02-11 05:35:39', '2021-02-11 05:36:06'),
(1658, 153, 8, 15, 12, 88, 1.00, ' + 1', '2021-02-11 05:35:39', '2021-02-11 05:36:06'),
(1659, 153, 6, 15, 13, 88, 1.00, ' + 1', '2021-02-11 05:35:39', '2021-02-11 05:36:06'),
(1660, 153, 4, 15, 8, 88, 1.00, ' + 1', '2021-02-11 05:35:40', '2021-02-11 05:36:06'),
(1661, 154, 6, 32, 8, 88, 1.00, ' + 1', '2021-02-11 05:35:40', '2021-02-11 05:36:06'),
(1662, 154, 8, 32, 23, 88, 1.00, ' + 1', '2021-02-11 05:35:40', '2021-02-11 05:36:06'),
(1663, 154, 8, 33, 18, 88, 1.00, ' + 1', '2021-02-11 05:35:40', '2021-02-11 05:36:06'),
(1664, 154, 7, 33, 18, 88, 1.00, ' + 1', '2021-02-11 05:35:40', '2021-02-11 05:36:06'),
(1665, 153, 6, 32, 22, 88, 1.00, ' + 1', '2021-02-11 05:35:40', '2021-02-11 05:36:06'),
(1666, 153, 5, 33, 7, 88, 1.00, ' + 1', '2021-02-11 05:35:40', '2021-02-11 05:36:06'),
(1667, 153, 6, 33, 8, 88, 1.00, ' + 1', '2021-02-11 05:35:40', '2021-02-11 05:36:06'),
(1668, 153, 7, 22, 28, 88, 1.00, ' + 1', '2021-02-11 05:35:40', '2021-02-11 05:36:06'),
(1669, 153, 5, 32, 17, 88, 1.00, ' + 1', '2021-02-11 05:35:40', '2021-02-11 05:36:06'),
(1670, 154, 6, 28, 15, 88, 1.00, ' + 1', '2021-02-11 05:35:40', '2021-02-11 05:36:06'),
(1671, 153, 6, 27, 11, 88, 1.00, ' + 1', '2021-02-11 05:35:40', '2021-02-11 05:36:06'),
(1672, 153, 8, 27, 18, 88, 1.00, ' + 1', '2021-02-11 05:35:40', '2021-02-11 05:36:06'),
(1673, 154, 4, 33, 17, 89, 1.00, ' + 1', '2021-02-11 05:35:40', '2021-02-11 05:36:19'),
(1674, 154, 9, 27, 30, 89, 1.00, ' + 1', '2021-02-11 05:35:40', '2021-02-11 05:36:19'),
(1675, 153, 9, 22, 15, 89, 1.00, ' + 1', '2021-02-11 05:35:40', '2021-02-11 05:36:19'),
(1676, 153, 5, 30, 16, 89, 1.00, ' + 1', '2021-02-11 05:35:40', '2021-02-11 05:36:19'),
(1677, 153, 4, 33, 29, 89, 1.00, ' + 1', '2021-02-11 05:35:40', '2021-02-11 05:36:19'),
(1678, 154, 4, 15, 7, 89, 1.00, ' + 1', '2021-02-11 05:35:40', '2021-02-11 05:36:19'),
(1679, 153, 9, 26, 14, 89, 1.00, ' + 1', '2021-02-11 05:35:40', '2021-02-11 05:36:19'),
(1680, 153, 5, 32, 11, 89, 1.00, ' + 1', '2021-02-11 05:35:40', '2021-02-11 05:36:19'),
(1681, 154, 8, 26, 19, 89, 1.00, ' + 1', '2021-02-11 05:35:40', '2021-02-11 05:36:19'),
(1682, 154, 8, 28, 15, 89, 1.00, ' + 1', '2021-02-11 05:35:40', '2021-02-11 05:36:19'),
(1683, 154, 6, 15, 19, 89, 1.00, ' + 1', '2021-02-11 05:35:40', '2021-02-11 05:36:19'),
(1684, 154, 6, 33, 10, 89, 1.00, ' + 1', '2021-02-11 05:35:40', '2021-02-11 05:36:19'),
(1685, 154, 9, 22, 7, 89, 1.00, ' + 1', '2021-02-11 05:35:40', '2021-02-11 05:36:19'),
(1686, 154, 4, 27, 29, 89, 1.00, ' + 1', '2021-02-11 05:35:40', '2021-02-11 05:36:19'),
(1687, 153, 4, 32, 20, 89, 1.00, ' + 1', '2021-02-11 05:35:40', '2021-02-11 05:36:19'),
(1688, 154, 8, 26, 16, 89, 1.00, ' + 1', '2021-02-11 05:35:40', '2021-02-11 05:36:19'),
(1689, 153, 6, 28, 28, 89, 1.00, ' + 1', '2021-02-11 05:35:40', '2021-02-11 05:36:19'),
(1690, 154, 9, 32, 11, 89, 1.00, ' + 1', '2021-02-11 05:35:40', '2021-02-11 05:36:19'),
(1691, 154, 4, 28, 9, 89, 1.00, ' + 1', '2021-02-11 05:35:40', '2021-02-11 05:36:19'),
(1692, 154, 7, 28, 12, 90, NULL, NULL, '2021-02-11 05:35:40', '2021-02-11 05:35:40'),
(1693, 153, 8, 28, 27, 90, NULL, NULL, '2021-02-11 05:35:40', '2021-02-11 05:35:40'),
(1694, 154, 7, 15, 9, 90, NULL, NULL, '2021-02-11 05:35:40', '2021-02-11 05:35:40'),
(1695, 153, 5, 28, 16, 90, NULL, NULL, '2021-02-11 05:35:40', '2021-02-11 05:35:40'),
(1696, 154, 7, 26, 20, 90, NULL, NULL, '2021-02-11 05:35:40', '2021-02-11 05:35:40'),
(1697, 153, 8, 26, 13, 90, NULL, NULL, '2021-02-11 05:35:40', '2021-02-11 05:35:40'),
(1698, 153, 7, 15, 21, 90, NULL, NULL, '2021-02-11 05:35:40', '2021-02-11 05:35:40'),
(1699, 154, 6, 33, 17, 90, NULL, NULL, '2021-02-11 05:35:40', '2021-02-11 05:35:40'),
(1700, 154, 9, 27, 14, 90, NULL, NULL, '2021-02-11 05:35:41', '2021-02-11 05:35:41'),
(1701, 154, 8, 15, 15, 90, NULL, NULL, '2021-02-11 05:35:41', '2021-02-11 05:35:41'),
(1702, 154, 8, 22, 19, 90, NULL, NULL, '2021-02-11 05:35:41', '2021-02-11 05:35:41'),
(1703, 154, 6, 26, 16, 90, NULL, NULL, '2021-02-11 05:35:41', '2021-02-11 05:35:41'),
(1704, 153, 4, 28, 19, 90, NULL, NULL, '2021-02-11 05:35:41', '2021-02-11 05:35:41'),
(1705, 154, 5, 30, 14, 90, NULL, NULL, '2021-02-11 05:35:41', '2021-02-11 05:35:41'),
(1706, 154, 9, 30, 25, 90, NULL, NULL, '2021-02-11 05:35:41', '2021-02-11 05:35:41'),
(1707, 154, 9, 33, 20, 90, NULL, NULL, '2021-02-11 05:35:41', '2021-02-11 05:35:41'),
(1708, 154, 8, 27, 11, 90, NULL, NULL, '2021-02-11 05:35:41', '2021-02-11 05:35:41'),
(1709, 154, 6, 28, 29, 90, NULL, NULL, '2021-02-11 05:35:41', '2021-02-11 05:35:41'),
(1710, 154, 9, 28, 23, 90, NULL, NULL, '2021-02-11 05:35:41', '2021-02-11 05:35:41'),
(1711, 153, 5, 30, 8, 91, NULL, NULL, '2021-02-11 05:35:41', '2021-02-11 05:35:41'),
(1712, 154, 8, 30, 17, 91, NULL, NULL, '2021-02-11 05:35:41', '2021-02-11 05:35:41'),
(1713, 153, 5, 27, 26, 91, NULL, NULL, '2021-02-11 05:35:41', '2021-02-11 05:35:41'),
(1714, 154, 8, 22, 11, 91, NULL, NULL, '2021-02-11 05:35:41', '2021-02-11 05:35:41'),
(1715, 154, 6, 33, 25, 91, NULL, NULL, '2021-02-11 05:35:41', '2021-02-11 05:35:41'),
(1716, 154, 7, 26, 18, 91, NULL, NULL, '2021-02-11 05:35:41', '2021-02-11 05:35:41'),
(1717, 153, 8, 15, 29, 91, NULL, NULL, '2021-02-11 05:35:41', '2021-02-11 05:35:41'),
(1718, 153, 4, 32, 10, 91, NULL, NULL, '2021-02-11 05:35:41', '2021-02-11 05:35:41'),
(1719, 153, 7, 27, 19, 91, NULL, NULL, '2021-02-11 05:35:41', '2021-02-11 05:35:41'),
(1720, 153, 8, 30, 25, 91, NULL, NULL, '2021-02-11 05:35:41', '2021-02-11 05:35:41'),
(1721, 154, 7, 33, 16, 91, NULL, NULL, '2021-02-11 05:35:41', '2021-02-11 05:35:41'),
(1722, 154, 8, 15, 14, 91, NULL, NULL, '2021-02-11 05:35:41', '2021-02-11 05:35:41'),
(1723, 154, 8, 26, 7, 91, NULL, NULL, '2021-02-11 05:35:41', '2021-02-11 05:35:41'),
(1724, 153, 6, 15, 19, 91, NULL, NULL, '2021-02-11 05:35:41', '2021-02-11 05:35:41'),
(1725, 153, 9, 32, 19, 91, NULL, NULL, '2021-02-11 05:35:41', '2021-02-11 05:35:41'),
(1726, 153, 9, 27, 30, 91, NULL, NULL, '2021-02-11 05:35:41', '2021-02-11 05:35:41'),
(1727, 154, 7, 32, 13, 91, NULL, NULL, '2021-02-11 05:35:41', '2021-02-11 05:35:41'),
(1728, 153, 8, 26, 12, 91, NULL, NULL, '2021-02-11 05:35:41', '2021-02-11 05:35:41'),
(1729, 153, 4, 26, 8, 91, NULL, NULL, '2021-02-11 05:35:41', '2021-02-11 05:35:41'),
(1730, 153, 5, 30, 9, 92, 1.00, ' + 1', '2021-02-11 05:35:41', '2021-02-11 05:36:08'),
(1731, 153, 4, 30, 22, 92, 1.00, ' + 1', '2021-02-11 05:35:41', '2021-02-11 05:36:08'),
(1732, 154, 8, 27, 22, 92, 1.00, ' + 1', '2021-02-11 05:35:41', '2021-02-11 05:36:08'),
(1733, 154, 7, 26, 10, 92, 1.00, ' + 1', '2021-02-11 05:35:41', '2021-02-11 05:36:08'),
(1734, 154, 8, 28, 20, 92, 1.00, ' + 1', '2021-02-11 05:35:41', '2021-02-11 05:36:08'),
(1735, 154, 9, 22, 26, 92, 1.00, ' + 1', '2021-02-11 05:35:41', '2021-02-11 05:36:08'),
(1736, 153, 9, 22, 17, 92, 1.00, ' + 1', '2021-02-11 05:35:42', '2021-02-11 05:36:08'),
(1737, 154, 6, 30, 16, 92, 1.00, ' + 1', '2021-02-11 05:35:42', '2021-02-11 05:36:08'),
(1738, 154, 5, 33, 7, 92, 1.00, ' + 1', '2021-02-11 05:35:42', '2021-02-11 05:36:08'),
(1739, 153, 8, 30, 7, 92, 1.00, ' + 1', '2021-02-11 05:35:42', '2021-02-11 05:36:08'),
(1740, 154, 6, 27, 17, 92, 1.00, ' + 1', '2021-02-11 05:35:42', '2021-02-11 05:36:08'),
(1741, 153, 6, 27, 20, 92, 1.00, ' + 1', '2021-02-11 05:35:42', '2021-02-11 05:36:08'),
(1742, 153, 8, 28, 23, 92, 1.00, ' + 1', '2021-02-11 05:35:42', '2021-02-11 05:36:08'),
(1743, 153, 9, 26, 22, 92, 1.00, ' + 1', '2021-02-11 05:35:42', '2021-02-11 05:36:08'),
(1744, 153, 4, 27, 8, 92, 1.00, ' + 1', '2021-02-11 05:35:42', '2021-02-11 05:36:08'),
(1745, 154, 5, 32, 20, 92, 1.00, ' + 1', '2021-02-11 05:35:42', '2021-02-11 05:36:08'),
(1746, 153, 9, 26, 7, 92, 1.00, ' + 1', '2021-02-11 05:35:42', '2021-02-11 05:36:08'),
(1747, 153, 7, 26, 7, 92, 1.00, ' + 1', '2021-02-11 05:35:42', '2021-02-11 05:36:08'),
(1748, 153, 6, 30, 25, 92, 1.00, ' + 1', '2021-02-11 05:35:42', '2021-02-11 05:36:08'),
(1749, 153, 9, 32, 22, 93, NULL, NULL, '2021-02-11 05:35:42', '2021-02-11 05:35:42'),
(1750, 154, 5, 28, 28, 93, NULL, NULL, '2021-02-11 05:35:42', '2021-02-11 05:35:42'),
(1751, 153, 5, 27, 23, 93, NULL, NULL, '2021-02-11 05:35:42', '2021-02-11 05:35:42'),
(1752, 154, 4, 26, 20, 93, NULL, NULL, '2021-02-11 05:35:42', '2021-02-11 05:35:42'),
(1753, 154, 9, 32, 23, 93, NULL, NULL, '2021-02-11 05:35:42', '2021-02-11 05:35:42'),
(1754, 154, 7, 32, 12, 93, NULL, NULL, '2021-02-11 05:35:42', '2021-02-11 05:35:42'),
(1755, 154, 8, 30, 31, 93, NULL, NULL, '2021-02-11 05:35:42', '2021-02-11 05:35:42'),
(1756, 153, 4, 33, 11, 93, NULL, NULL, '2021-02-11 05:35:42', '2021-02-11 05:35:42'),
(1757, 154, 7, 27, 27, 93, NULL, NULL, '2021-02-11 05:35:42', '2021-02-11 05:35:42'),
(1758, 153, 7, 22, 17, 93, NULL, NULL, '2021-02-11 05:35:42', '2021-02-11 05:35:42'),
(1759, 153, 7, 26, 21, 93, NULL, NULL, '2021-02-11 05:35:42', '2021-02-11 05:35:42'),
(1760, 154, 8, 33, 7, 93, NULL, NULL, '2021-02-11 05:35:42', '2021-02-11 05:35:42'),
(1761, 153, 6, 28, 31, 93, NULL, NULL, '2021-02-11 05:35:42', '2021-02-11 05:35:42'),
(1762, 154, 8, 26, 20, 93, NULL, NULL, '2021-02-11 05:35:42', '2021-02-11 05:35:42'),
(1763, 154, 7, 30, 17, 93, NULL, NULL, '2021-02-11 05:35:42', '2021-02-11 05:35:42'),
(1764, 153, 5, 15, 15, 93, NULL, NULL, '2021-02-11 05:35:42', '2021-02-11 05:35:42'),
(1765, 153, 4, 28, 29, 93, NULL, NULL, '2021-02-11 05:35:42', '2021-02-11 05:35:42'),
(1766, 154, 6, 30, 22, 93, NULL, NULL, '2021-02-11 05:35:42', '2021-02-11 05:35:42'),
(1767, 153, 9, 15, 7, 93, NULL, NULL, '2021-02-11 05:35:42', '2021-02-11 05:35:42'),
(1768, 153, 8, 28, 27, 94, 3.00, ' + 1 + 1 + 1', '2021-02-11 05:35:42', '2021-02-11 05:36:23'),
(1769, 153, 9, 27, 11, 94, 3.00, ' + 1 + 1 + 1', '2021-02-11 05:35:42', '2021-02-11 05:36:23'),
(1770, 154, 5, 30, 18, 94, 3.00, ' + 1 + 1 + 1', '2021-02-11 05:35:42', '2021-02-11 05:36:23'),
(1771, 154, 5, 27, 27, 94, 3.00, ' + 1 + 1 + 1', '2021-02-11 05:35:42', '2021-02-11 05:36:23'),
(1772, 153, 5, 27, 8, 94, 3.00, ' + 1 + 1 + 1', '2021-02-11 05:35:42', '2021-02-11 05:36:23'),
(1773, 153, 5, 30, 30, 94, 3.00, ' + 1 + 1 + 1', '2021-02-11 05:35:42', '2021-02-11 05:36:23'),
(1774, 153, 6, 33, 25, 94, 3.00, ' + 1 + 1 + 1', '2021-02-11 05:35:43', '2021-02-11 05:36:23'),
(1775, 154, 5, 32, 28, 94, 3.00, ' + 1 + 1 + 1', '2021-02-11 05:35:43', '2021-02-11 05:36:23'),
(1776, 153, 6, 33, 14, 94, 3.00, ' + 1 + 1 + 1', '2021-02-11 05:35:43', '2021-02-11 05:36:23'),
(1777, 153, 6, 27, 7, 94, 3.00, ' + 1 + 1 + 1', '2021-02-11 05:35:43', '2021-02-11 05:36:23'),
(1778, 153, 4, 22, 16, 94, 3.00, ' + 1 + 1 + 1', '2021-02-11 05:35:43', '2021-02-11 05:36:23'),
(1779, 153, 7, 28, 18, 94, 3.00, ' + 1 + 1 + 1', '2021-02-11 05:35:43', '2021-02-11 05:36:23'),
(1780, 153, 5, 33, 25, 94, 3.00, ' + 1 + 1 + 1', '2021-02-11 05:35:43', '2021-02-11 05:36:23'),
(1781, 154, 9, 33, 10, 94, 3.00, ' + 1 + 1 + 1', '2021-02-11 05:35:43', '2021-02-11 05:36:24'),
(1782, 153, 4, 26, 21, 94, 3.00, ' + 1 + 1 + 1', '2021-02-11 05:35:43', '2021-02-11 05:36:24'),
(1783, 154, 9, 26, 12, 94, 3.00, ' + 1 + 1 + 1', '2021-02-11 05:35:43', '2021-02-11 05:36:24'),
(1784, 153, 4, 28, 21, 94, 3.00, ' + 1 + 1 + 1', '2021-02-11 05:35:43', '2021-02-11 05:36:24'),
(1785, 154, 9, 22, 11, 94, 3.00, ' + 1 + 1 + 1', '2021-02-11 05:35:43', '2021-02-11 05:36:24'),
(1786, 153, 5, 26, 30, 94, 3.00, ' + 1 + 1 + 1', '2021-02-11 05:35:43', '2021-02-11 05:36:24'),
(1787, 154, 5, 22, 16, 95, 3.00, ' + 1 + 1 + 1', '2021-02-11 05:35:43', '2021-02-11 05:36:25'),
(1788, 153, 7, 32, 8, 95, 3.00, ' + 1 + 1 + 1', '2021-02-11 05:35:43', '2021-02-11 05:36:26'),
(1789, 154, 9, 32, 11, 95, 3.00, ' + 1 + 1 + 1', '2021-02-11 05:35:43', '2021-02-11 05:36:26'),
(1790, 154, 7, 28, 10, 95, 3.00, ' + 1 + 1 + 1', '2021-02-11 05:35:43', '2021-02-11 05:36:26'),
(1791, 153, 9, 33, 17, 95, 3.00, ' + 1 + 1 + 1', '2021-02-11 05:35:43', '2021-02-11 05:36:26'),
(1792, 153, 9, 32, 24, 95, 3.00, ' + 1 + 1 + 1', '2021-02-11 05:35:43', '2021-02-11 05:36:26'),
(1793, 153, 8, 22, 10, 95, 3.00, ' + 1 + 1 + 1', '2021-02-11 05:35:43', '2021-02-11 05:36:26'),
(1794, 154, 9, 32, 9, 95, 3.00, ' + 1 + 1 + 1', '2021-02-11 05:35:43', '2021-02-11 05:36:26'),
(1795, 154, 4, 27, 26, 95, 3.00, ' + 1 + 1 + 1', '2021-02-11 05:35:43', '2021-02-11 05:36:26'),
(1796, 153, 8, 33, 16, 95, 3.00, ' + 1 + 1 + 1', '2021-02-11 05:35:43', '2021-02-11 05:36:26'),
(1797, 153, 8, 28, 16, 95, 3.00, ' + 1 + 1 + 1', '2021-02-11 05:35:43', '2021-02-11 05:36:26'),
(1798, 154, 4, 32, 15, 95, 3.00, ' + 1 + 1 + 1', '2021-02-11 05:35:43', '2021-02-11 05:36:26'),
(1799, 153, 9, 22, 31, 95, 3.00, ' + 1 + 1 + 1', '2021-02-11 05:35:43', '2021-02-11 05:36:26'),
(1800, 154, 7, 27, 18, 95, 3.00, ' + 1 + 1 + 1', '2021-02-11 05:35:43', '2021-02-11 05:36:26'),
(1801, 154, 9, 27, 19, 95, 3.00, ' + 1 + 1 + 1', '2021-02-11 05:35:43', '2021-02-11 05:36:26'),
(1802, 154, 4, 33, 27, 95, 3.00, ' + 1 + 1 + 1', '2021-02-11 05:35:43', '2021-02-11 05:36:26'),
(1803, 154, 9, 26, 20, 95, 3.00, ' + 1 + 1 + 1', '2021-02-11 05:35:43', '2021-02-11 05:36:26'),
(1804, 154, 5, 26, 15, 95, 3.00, ' + 1 + 1 + 1', '2021-02-11 05:35:43', '2021-02-11 05:36:26'),
(1805, 154, 4, 28, 26, 95, 3.00, ' + 1 + 1 + 1', '2021-02-11 05:35:43', '2021-02-11 05:36:26'),
(1806, 154, 4, 33, 31, 96, 2.00, ' + 1 + 1', '2021-02-11 05:35:43', '2021-02-11 05:36:19'),
(1807, 153, 4, 22, 22, 96, 2.00, ' + 1 + 1', '2021-02-11 05:35:43', '2021-02-11 05:36:19'),
(1808, 153, 4, 33, 11, 96, 2.00, ' + 1 + 1', '2021-02-11 05:35:43', '2021-02-11 05:36:20'),
(1809, 154, 6, 33, 26, 96, 2.00, ' + 1 + 1', '2021-02-11 05:35:44', '2021-02-11 05:36:20'),
(1810, 154, 6, 32, 23, 96, 2.00, ' + 1 + 1', '2021-02-11 05:35:44', '2021-02-11 05:36:20'),
(1811, 153, 7, 26, 21, 96, 2.00, ' + 1 + 1', '2021-02-11 05:35:44', '2021-02-11 05:36:20'),
(1812, 154, 4, 15, 7, 96, 2.00, ' + 1 + 1', '2021-02-11 05:35:44', '2021-02-11 05:36:20'),
(1813, 153, 9, 26, 15, 96, 2.00, ' + 1 + 1', '2021-02-11 05:35:44', '2021-02-11 05:36:20'),
(1814, 154, 8, 26, 15, 96, 2.00, ' + 1 + 1', '2021-02-11 05:35:44', '2021-02-11 05:36:20'),
(1815, 154, 6, 27, 12, 96, 2.00, ' + 1 + 1', '2021-02-11 05:35:44', '2021-02-11 05:36:20'),
(1816, 154, 9, 15, 15, 96, 2.00, ' + 1 + 1', '2021-02-11 05:35:44', '2021-02-11 05:36:20'),
(1817, 154, 4, 27, 10, 96, 2.00, ' + 1 + 1', '2021-02-11 05:35:44', '2021-02-11 05:36:20'),
(1818, 154, 4, 26, 17, 96, 2.00, ' + 1 + 1', '2021-02-11 05:35:44', '2021-02-11 05:36:20'),
(1819, 154, 8, 26, 28, 96, 2.00, ' + 1 + 1', '2021-02-11 05:35:44', '2021-02-11 05:36:20'),
(1820, 154, 6, 27, 30, 96, 2.00, ' + 1 + 1', '2021-02-11 05:35:44', '2021-02-11 05:36:20'),
(1821, 154, 4, 22, 19, 96, 2.00, ' + 1 + 1', '2021-02-11 05:35:44', '2021-02-11 05:36:20'),
(1822, 153, 6, 15, 25, 96, 2.00, ' + 1 + 1', '2021-02-11 05:35:44', '2021-02-11 05:36:20'),
(1823, 154, 8, 15, 22, 96, 2.00, ' + 1 + 1', '2021-02-11 05:35:44', '2021-02-11 05:36:20'),
(1824, 153, 7, 33, 13, 96, 2.00, ' + 1 + 1', '2021-02-11 05:35:44', '2021-02-11 05:36:20'),
(1825, 154, 8, 32, 28, 97, 4.00, ' + 1 + 1 + 1 + 1', '2021-02-11 05:35:44', '2021-02-11 05:36:28'),
(1826, 154, 9, 26, 22, 97, 4.00, ' + 1 + 1 + 1 + 1', '2021-02-11 05:35:44', '2021-02-11 05:36:28'),
(1827, 153, 5, 22, 20, 97, 4.00, ' + 1 + 1 + 1 + 1', '2021-02-11 05:35:44', '2021-02-11 05:36:28'),
(1828, 153, 4, 28, 24, 97, 4.00, ' + 1 + 1 + 1 + 1', '2021-02-11 05:35:44', '2021-02-11 05:36:28'),
(1829, 154, 9, 32, 11, 97, 4.00, ' + 1 + 1 + 1 + 1', '2021-02-11 05:35:44', '2021-02-11 05:36:28'),
(1830, 154, 4, 33, 10, 97, 4.00, ' + 1 + 1 + 1 + 1', '2021-02-11 05:35:44', '2021-02-11 05:36:28'),
(1831, 154, 6, 22, 12, 97, 4.00, ' + 1 + 1 + 1 + 1', '2021-02-11 05:35:44', '2021-02-11 05:36:28'),
(1832, 154, 7, 28, 12, 97, 4.00, ' + 1 + 1 + 1 + 1', '2021-02-11 05:35:44', '2021-02-11 05:36:28'),
(1833, 153, 5, 15, 9, 97, 4.00, ' + 1 + 1 + 1 + 1', '2021-02-11 05:35:44', '2021-02-11 05:36:28'),
(1834, 154, 4, 22, 22, 97, 4.00, ' + 1 + 1 + 1 + 1', '2021-02-11 05:35:44', '2021-02-11 05:36:28'),
(1835, 153, 5, 28, 21, 97, 4.00, ' + 1 + 1 + 1 + 1', '2021-02-11 05:35:44', '2021-02-11 05:36:28'),
(1836, 153, 6, 27, 15, 97, 4.00, ' + 1 + 1 + 1 + 1', '2021-02-11 05:35:44', '2021-02-11 05:36:28'),
(1837, 154, 9, 28, 12, 97, 4.00, ' + 1 + 1 + 1 + 1', '2021-02-11 05:35:44', '2021-02-11 05:36:28'),
(1838, 154, 9, 26, 21, 97, 4.00, ' + 1 + 1 + 1 + 1', '2021-02-11 05:35:44', '2021-02-11 05:36:28'),
(1839, 154, 4, 15, 10, 97, 4.00, ' + 1 + 1 + 1 + 1', '2021-02-11 05:35:44', '2021-02-11 05:36:28'),
(1840, 153, 6, 27, 27, 97, 4.00, ' + 1 + 1 + 1 + 1', '2021-02-11 05:35:44', '2021-02-11 05:36:28'),
(1841, 154, 8, 30, 11, 97, 4.00, ' + 1 + 1 + 1 + 1', '2021-02-11 05:35:44', '2021-02-11 05:36:28'),
(1842, 153, 7, 22, 31, 97, 4.00, ' + 1 + 1 + 1 + 1', '2021-02-11 05:35:44', '2021-02-11 05:36:28'),
(1843, 154, 8, 28, 28, 97, 4.00, ' + 1 + 1 + 1 + 1', '2021-02-11 05:35:44', '2021-02-11 05:36:28'),
(1844, 154, 7, 22, 21, 98, 3.00, ' + 1 + 1 + 1', '2021-02-11 05:35:44', '2021-02-11 05:36:24'),
(1845, 154, 8, 33, 18, 98, 3.00, ' + 1 + 1 + 1', '2021-02-11 05:35:44', '2021-02-11 05:36:24'),
(1846, 154, 8, 32, 10, 98, 3.00, ' + 1 + 1 + 1', '2021-02-11 05:35:44', '2021-02-11 05:36:24'),
(1847, 154, 8, 15, 26, 98, 3.00, ' + 1 + 1 + 1', '2021-02-11 05:35:44', '2021-02-11 05:36:24'),
(1848, 154, 9, 26, 18, 98, 3.00, ' + 1 + 1 + 1', '2021-02-11 05:35:44', '2021-02-11 05:36:24'),
(1849, 153, 6, 28, 31, 98, 3.00, ' + 1 + 1 + 1', '2021-02-11 05:35:44', '2021-02-11 05:36:24'),
(1850, 153, 5, 28, 31, 98, 3.00, ' + 1 + 1 + 1', '2021-02-11 05:35:45', '2021-02-11 05:36:24'),
(1851, 153, 6, 27, 31, 98, 3.00, ' + 1 + 1 + 1', '2021-02-11 05:35:45', '2021-02-11 05:36:24'),
(1852, 153, 9, 30, 31, 98, 3.00, ' + 1 + 1 + 1', '2021-02-11 05:35:45', '2021-02-11 05:36:24'),
(1853, 154, 9, 15, 16, 98, 3.00, ' + 1 + 1 + 1', '2021-02-11 05:35:45', '2021-02-11 05:36:24'),
(1854, 153, 9, 30, 27, 98, 3.00, ' + 1 + 1 + 1', '2021-02-11 05:35:45', '2021-02-11 05:36:24'),
(1855, 153, 7, 15, 27, 98, 3.00, ' + 1 + 1 + 1', '2021-02-11 05:35:45', '2021-02-11 05:36:24'),
(1856, 154, 6, 33, 9, 98, 3.00, ' + 1 + 1 + 1', '2021-02-11 05:35:45', '2021-02-11 05:36:24'),
(1857, 153, 4, 27, 16, 98, 3.00, ' + 1 + 1 + 1', '2021-02-11 05:35:45', '2021-02-11 05:36:24'),
(1858, 154, 5, 28, 21, 98, 3.00, ' + 1 + 1 + 1', '2021-02-11 05:35:45', '2021-02-11 05:36:24'),
(1859, 153, 5, 26, 23, 98, 3.00, ' + 1 + 1 + 1', '2021-02-11 05:35:45', '2021-02-11 05:36:24'),
(1860, 154, 8, 15, 31, 98, 3.00, ' + 1 + 1 + 1', '2021-02-11 05:35:45', '2021-02-11 05:36:24'),
(1861, 153, 4, 22, 28, 98, 3.00, ' + 1 + 1 + 1', '2021-02-11 05:35:45', '2021-02-11 05:36:24'),
(1862, 154, 9, 22, 7, 98, 3.00, ' + 1 + 1 + 1', '2021-02-11 05:35:45', '2021-02-11 05:36:24'),
(1863, 154, 7, 33, 26, 99, 1.00, ' + 1', '2021-02-11 05:35:45', '2021-02-11 05:36:06'),
(1864, 153, 4, 22, 19, 99, 1.00, ' + 1', '2021-02-11 05:35:45', '2021-02-11 05:36:06'),
(1865, 153, 8, 27, 20, 99, 1.00, ' + 1', '2021-02-11 05:35:45', '2021-02-11 05:36:06'),
(1866, 154, 6, 27, 29, 99, 1.00, ' + 1', '2021-02-11 05:35:45', '2021-02-11 05:36:06'),
(1867, 154, 7, 27, 7, 99, 1.00, ' + 1', '2021-02-11 05:35:45', '2021-02-11 05:36:06'),
(1868, 154, 9, 15, 7, 99, 1.00, ' + 1', '2021-02-11 05:35:45', '2021-02-11 05:36:07'),
(1869, 153, 9, 27, 17, 99, 1.00, ' + 1', '2021-02-11 05:35:45', '2021-02-11 05:36:07'),
(1870, 154, 5, 22, 31, 99, 1.00, ' + 1', '2021-02-11 05:35:45', '2021-02-11 05:36:07'),
(1871, 153, 4, 27, 15, 99, 1.00, ' + 1', '2021-02-11 05:35:45', '2021-02-11 05:36:07'),
(1872, 153, 7, 33, 8, 99, 1.00, ' + 1', '2021-02-11 05:35:45', '2021-02-11 05:36:07'),
(1873, 154, 5, 26, 10, 99, 1.00, ' + 1', '2021-02-11 05:35:45', '2021-02-11 05:36:07'),
(1874, 153, 7, 33, 26, 99, 1.00, ' + 1', '2021-02-11 05:35:45', '2021-02-11 05:36:07'),
(1875, 154, 8, 22, 27, 99, 1.00, ' + 1', '2021-02-11 05:35:45', '2021-02-11 05:36:07'),
(1876, 154, 7, 28, 31, 99, 1.00, ' + 1', '2021-02-11 05:35:45', '2021-02-11 05:36:07'),
(1877, 153, 8, 28, 18, 99, 1.00, ' + 1', '2021-02-11 05:35:45', '2021-02-11 05:36:07'),
(1878, 154, 7, 15, 19, 99, 1.00, ' + 1', '2021-02-11 05:35:45', '2021-02-11 05:36:07'),
(1879, 153, 4, 26, 27, 99, 1.00, ' + 1', '2021-02-11 05:35:45', '2021-02-11 05:36:07'),
(1880, 154, 4, 27, 8, 99, 1.00, ' + 1', '2021-02-11 05:35:45', '2021-02-11 05:36:07'),
(1881, 153, 7, 26, 18, 99, 1.00, ' + 1', '2021-02-11 05:35:45', '2021-02-11 05:36:07'),
(1882, 153, 7, 15, 30, 100, 2.00, ' + 1 + 1', '2021-02-11 05:35:45', '2021-02-11 05:36:22'),
(1883, 154, 4, 22, 24, 100, 2.00, ' + 1 + 1', '2021-02-11 05:35:45', '2021-02-11 05:36:22'),
(1884, 153, 8, 27, 21, 100, 2.00, ' + 1 + 1', '2021-02-11 05:35:45', '2021-02-11 05:36:22'),
(1885, 154, 5, 15, 17, 100, 2.00, ' + 1 + 1', '2021-02-11 05:35:46', '2021-02-11 05:36:22'),
(1886, 154, 7, 22, 20, 100, 2.00, ' + 1 + 1', '2021-02-11 05:35:46', '2021-02-11 05:36:22'),
(1887, 153, 7, 28, 25, 100, 2.00, ' + 1 + 1', '2021-02-11 05:35:46', '2021-02-11 05:36:22'),
(1888, 154, 4, 15, 10, 100, 2.00, ' + 1 + 1', '2021-02-11 05:35:46', '2021-02-11 05:36:22'),
(1889, 154, 8, 28, 16, 100, 2.00, ' + 1 + 1', '2021-02-11 05:35:46', '2021-02-11 05:36:22'),
(1890, 154, 8, 33, 20, 100, 2.00, ' + 1 + 1', '2021-02-11 05:35:46', '2021-02-11 05:36:22'),
(1891, 153, 7, 27, 10, 100, 2.00, ' + 1 + 1', '2021-02-11 05:35:46', '2021-02-11 05:36:22'),
(1892, 154, 6, 22, 28, 100, 2.00, ' + 1 + 1', '2021-02-11 05:35:46', '2021-02-11 05:36:22'),
(1893, 154, 9, 30, 7, 100, 2.00, ' + 1 + 1', '2021-02-11 05:35:46', '2021-02-11 05:36:22'),
(1894, 154, 6, 22, 25, 100, 2.00, ' + 1 + 1', '2021-02-11 05:35:46', '2021-02-11 05:36:22'),
(1895, 153, 9, 33, 22, 100, 2.00, ' + 1 + 1', '2021-02-11 05:35:46', '2021-02-11 05:36:22'),
(1896, 153, 5, 15, 20, 100, 2.00, ' + 1 + 1', '2021-02-11 05:35:46', '2021-02-11 05:36:22'),
(1897, 153, 9, 30, 19, 100, 2.00, ' + 1 + 1', '2021-02-11 05:35:46', '2021-02-11 05:36:22'),
(1898, 154, 5, 30, 11, 100, 2.00, ' + 1 + 1', '2021-02-11 05:35:46', '2021-02-11 05:36:22'),
(1899, 154, 7, 27, 30, 100, 2.00, ' + 1 + 1', '2021-02-11 05:35:46', '2021-02-11 05:36:22'),
(1900, 154, 9, 30, 17, 100, 2.00, ' + 1 + 1', '2021-02-11 05:35:46', '2021-02-11 05:36:22'),
(1901, 154, 4, 28, 27, 101, 3.00, ' + 1 + 1 + 1', '2021-02-11 05:35:46', '2021-02-11 05:36:26'),
(1902, 153, 6, 22, 16, 101, 3.00, ' + 1 + 1 + 1', '2021-02-11 05:35:46', '2021-02-11 05:36:26'),
(1903, 154, 5, 27, 11, 101, 3.00, ' + 1 + 1 + 1', '2021-02-11 05:35:46', '2021-02-11 05:36:26'),
(1904, 153, 9, 27, 30, 101, 3.00, ' + 1 + 1 + 1', '2021-02-11 05:35:46', '2021-02-11 05:36:26'),
(1905, 154, 8, 15, 26, 101, 3.00, ' + 1 + 1 + 1', '2021-02-11 05:35:46', '2021-02-11 05:36:26'),
(1906, 153, 4, 30, 13, 101, 3.00, ' + 1 + 1 + 1', '2021-02-11 05:35:46', '2021-02-11 05:36:26'),
(1907, 154, 5, 27, 27, 101, 3.00, ' + 1 + 1 + 1', '2021-02-11 05:35:46', '2021-02-11 05:36:26'),
(1908, 154, 5, 33, 7, 101, 3.00, ' + 1 + 1 + 1', '2021-02-11 05:35:46', '2021-02-11 05:36:26'),
(1909, 154, 7, 27, 29, 101, 3.00, ' + 1 + 1 + 1', '2021-02-11 05:35:46', '2021-02-11 05:36:26'),
(1910, 154, 4, 26, 14, 101, 3.00, ' + 1 + 1 + 1', '2021-02-11 05:35:46', '2021-02-11 05:36:26'),
(1911, 153, 8, 27, 21, 101, 3.00, ' + 1 + 1 + 1', '2021-02-11 05:35:46', '2021-02-11 05:36:26'),
(1912, 153, 4, 27, 16, 101, 3.00, ' + 1 + 1 + 1', '2021-02-11 05:35:46', '2021-02-11 05:36:26'),
(1913, 153, 4, 27, 27, 101, 3.00, ' + 1 + 1 + 1', '2021-02-11 05:35:46', '2021-02-11 05:36:26'),
(1914, 153, 8, 33, 9, 101, 3.00, ' + 1 + 1 + 1', '2021-02-11 05:35:46', '2021-02-11 05:36:26'),
(1915, 154, 5, 26, 11, 101, 3.00, ' + 1 + 1 + 1', '2021-02-11 05:35:46', '2021-02-11 05:36:26'),
(1916, 154, 6, 33, 24, 101, 3.00, ' + 1 + 1 + 1', '2021-02-11 05:35:46', '2021-02-11 05:36:26'),
(1917, 154, 4, 33, 12, 101, 3.00, ' + 1 + 1 + 1', '2021-02-11 05:35:46', '2021-02-11 05:36:26'),
(1918, 154, 8, 30, 20, 101, 3.00, ' + 1 + 1 + 1', '2021-02-11 05:35:46', '2021-02-11 05:36:26'),
(1919, 153, 8, 30, 12, 101, 3.00, ' + 1 + 1 + 1', '2021-02-11 05:35:46', '2021-02-11 05:36:26'),
(1920, 153, 8, 27, 20, 102, 6.00, ' + 1 + 1 + 1 + 1 + 1 + 1', '2021-02-11 05:35:47', '2021-02-11 05:36:30'),
(1921, 153, 9, 27, 14, 102, 6.00, ' + 1 + 1 + 1 + 1 + 1 + 1', '2021-02-11 05:35:47', '2021-02-11 05:36:30'),
(1922, 153, 9, 32, 28, 102, 6.00, ' + 1 + 1 + 1 + 1 + 1 + 1', '2021-02-11 05:35:47', '2021-02-11 05:36:30'),
(1923, 153, 5, 33, 14, 102, 6.00, ' + 1 + 1 + 1 + 1 + 1 + 1', '2021-02-11 05:35:47', '2021-02-11 05:36:30'),
(1924, 154, 4, 30, 13, 102, 6.00, ' + 1 + 1 + 1 + 1 + 1 + 1', '2021-02-11 05:35:47', '2021-02-11 05:36:30'),
(1925, 153, 8, 30, 25, 102, 6.00, ' + 1 + 1 + 1 + 1 + 1 + 1', '2021-02-11 05:35:47', '2021-02-11 05:36:30'),
(1926, 154, 7, 30, 25, 102, 6.00, ' + 1 + 1 + 1 + 1 + 1 + 1', '2021-02-11 05:35:47', '2021-02-11 05:36:31'),
(1927, 154, 7, 22, 14, 102, 6.00, ' + 1 + 1 + 1 + 1 + 1 + 1', '2021-02-11 05:35:47', '2021-02-11 05:36:31'),
(1928, 154, 9, 27, 14, 102, 6.00, ' + 1 + 1 + 1 + 1 + 1 + 1', '2021-02-11 05:35:47', '2021-02-11 05:36:31'),
(1929, 153, 5, 15, 10, 102, 6.00, ' + 1 + 1 + 1 + 1 + 1 + 1', '2021-02-11 05:35:47', '2021-02-11 05:36:31'),
(1930, 154, 6, 26, 11, 102, 6.00, ' + 1 + 1 + 1 + 1 + 1 + 1', '2021-02-11 05:35:47', '2021-02-11 05:36:31'),
(1931, 154, 9, 33, 14, 102, 6.00, ' + 1 + 1 + 1 + 1 + 1 + 1', '2021-02-11 05:35:47', '2021-02-11 05:36:31'),
(1932, 154, 4, 28, 24, 102, 6.00, ' + 1 + 1 + 1 + 1 + 1 + 1', '2021-02-11 05:35:47', '2021-02-11 05:36:31'),
(1933, 154, 6, 26, 11, 102, 6.00, ' + 1 + 1 + 1 + 1 + 1 + 1', '2021-02-11 05:35:47', '2021-02-11 05:36:31'),
(1934, 154, 6, 30, 26, 102, 6.00, ' + 1 + 1 + 1 + 1 + 1 + 1', '2021-02-11 05:35:47', '2021-02-11 05:36:31'),
(1935, 153, 6, 15, 16, 102, 6.00, ' + 1 + 1 + 1 + 1 + 1 + 1', '2021-02-11 05:35:47', '2021-02-11 05:36:31'),
(1936, 153, 7, 28, 7, 102, 6.00, ' + 1 + 1 + 1 + 1 + 1 + 1', '2021-02-11 05:35:47', '2021-02-11 05:36:31'),
(1937, 153, 6, 15, 8, 102, 6.00, ' + 1 + 1 + 1 + 1 + 1 + 1', '2021-02-11 05:35:47', '2021-02-11 05:36:31'),
(1938, 153, 8, 26, 10, 102, 6.00, ' + 1 + 1 + 1 + 1 + 1 + 1', '2021-02-11 05:35:47', '2021-02-11 05:36:31'),
(1939, 154, 7, 22, 12, 103, 3.00, ' + 1 + 1 + 1', '2021-02-11 05:35:47', '2021-02-11 05:36:27'),
(1940, 154, 5, 30, 20, 103, 3.00, ' + 1 + 1 + 1', '2021-02-11 05:35:47', '2021-02-11 05:36:27'),
(1941, 154, 4, 33, 8, 103, 3.00, ' + 1 + 1 + 1', '2021-02-11 05:35:47', '2021-02-11 05:36:27'),
(1942, 154, 5, 30, 24, 103, 3.00, ' + 1 + 1 + 1', '2021-02-11 05:35:47', '2021-02-11 05:36:27'),
(1943, 153, 9, 22, 23, 103, 3.00, ' + 1 + 1 + 1', '2021-02-11 05:35:47', '2021-02-11 05:36:27'),
(1944, 153, 9, 33, 19, 103, 3.00, ' + 1 + 1 + 1', '2021-02-11 05:35:47', '2021-02-11 05:36:27'),
(1945, 153, 6, 32, 28, 103, 3.00, ' + 1 + 1 + 1', '2021-02-11 05:35:47', '2021-02-11 05:36:27'),
(1946, 154, 6, 30, 23, 103, 3.00, ' + 1 + 1 + 1', '2021-02-11 05:35:47', '2021-02-11 05:36:27'),
(1947, 153, 8, 33, 29, 103, 3.00, ' + 1 + 1 + 1', '2021-02-11 05:35:47', '2021-02-11 05:36:27'),
(1948, 154, 8, 27, 14, 103, 3.00, ' + 1 + 1 + 1', '2021-02-11 05:35:47', '2021-02-11 05:36:27'),
(1949, 153, 7, 30, 20, 103, 3.00, ' + 1 + 1 + 1', '2021-02-11 05:35:47', '2021-02-11 05:36:27'),
(1950, 154, 4, 30, 9, 103, 3.00, ' + 1 + 1 + 1', '2021-02-11 05:35:47', '2021-02-11 05:36:27'),
(1951, 154, 8, 15, 26, 103, 3.00, ' + 1 + 1 + 1', '2021-02-11 05:35:47', '2021-02-11 05:36:27'),
(1952, 153, 4, 30, 16, 103, 3.00, ' + 1 + 1 + 1', '2021-02-11 05:35:47', '2021-02-11 05:36:27'),
(1953, 153, 5, 30, 23, 103, 3.00, ' + 1 + 1 + 1', '2021-02-11 05:35:47', '2021-02-11 05:36:27'),
(1954, 154, 7, 30, 17, 103, 3.00, ' + 1 + 1 + 1', '2021-02-11 05:35:47', '2021-02-11 05:36:27'),
(1955, 154, 9, 32, 23, 103, 3.00, ' + 1 + 1 + 1', '2021-02-11 05:35:47', '2021-02-11 05:36:27'),
(1956, 154, 5, 15, 20, 103, 3.00, ' + 1 + 1 + 1', '2021-02-11 05:35:47', '2021-02-11 05:36:27'),
(1957, 154, 7, 26, 17, 103, 3.00, ' + 1 + 1 + 1', '2021-02-11 05:35:48', '2021-02-11 05:36:27'),
(1958, 154, 6, 22, 9, 104, 4.00, ' + 1 + 1 + 1 + 1', '2021-02-11 05:35:48', '2021-02-11 05:36:24'),
(1959, 154, 4, 30, 8, 104, 4.00, ' + 1 + 1 + 1 + 1', '2021-02-11 05:35:48', '2021-02-11 05:36:24'),
(1960, 154, 4, 27, 14, 104, 4.00, ' + 1 + 1 + 1 + 1', '2021-02-11 05:35:48', '2021-02-11 05:36:24'),
(1961, 153, 8, 28, 17, 104, 4.00, ' + 1 + 1 + 1 + 1', '2021-02-11 05:35:48', '2021-02-11 05:36:24'),
(1962, 153, 6, 30, 30, 104, 4.00, ' + 1 + 1 + 1 + 1', '2021-02-11 05:35:48', '2021-02-11 05:36:24'),
(1963, 154, 8, 28, 12, 104, 4.00, ' + 1 + 1 + 1 + 1', '2021-02-11 05:35:48', '2021-02-11 05:36:24'),
(1964, 153, 6, 33, 10, 104, 4.00, ' + 1 + 1 + 1 + 1', '2021-02-11 05:35:48', '2021-02-11 05:36:24'),
(1965, 154, 6, 30, 18, 104, 4.00, ' + 1 + 1 + 1 + 1', '2021-02-11 05:35:48', '2021-02-11 05:36:24'),
(1966, 154, 7, 33, 15, 104, 4.00, ' + 1 + 1 + 1 + 1', '2021-02-11 05:35:48', '2021-02-11 05:36:24'),
(1967, 154, 9, 27, 14, 104, 4.00, ' + 1 + 1 + 1 + 1', '2021-02-11 05:35:48', '2021-02-11 05:36:24'),
(1968, 153, 6, 28, 30, 104, 4.00, ' + 1 + 1 + 1 + 1', '2021-02-11 05:35:48', '2021-02-11 05:36:24'),
(1969, 154, 9, 27, 26, 104, 4.00, ' + 1 + 1 + 1 + 1', '2021-02-11 05:35:48', '2021-02-11 05:36:24'),
(1970, 154, 6, 22, 27, 104, 4.00, ' + 1 + 1 + 1 + 1', '2021-02-11 05:35:48', '2021-02-11 05:36:24'),
(1971, 154, 4, 33, 13, 104, 4.00, ' + 1 + 1 + 1 + 1', '2021-02-11 05:35:48', '2021-02-11 05:36:24'),
(1972, 154, 5, 33, 11, 104, 4.00, ' + 1 + 1 + 1 + 1', '2021-02-11 05:35:48', '2021-02-11 05:36:24'),
(1973, 153, 7, 15, 31, 104, 4.00, ' + 1 + 1 + 1 + 1', '2021-02-11 05:35:48', '2021-02-11 05:36:24'),
(1974, 153, 8, 28, 31, 104, 4.00, ' + 1 + 1 + 1 + 1', '2021-02-11 05:35:48', '2021-02-11 05:36:24'),
(1975, 153, 4, 32, 17, 104, 4.00, ' + 1 + 1 + 1 + 1', '2021-02-11 05:35:48', '2021-02-11 05:36:24'),
(1976, 153, 4, 30, 24, 104, 4.00, ' + 1 + 1 + 1 + 1', '2021-02-11 05:35:48', '2021-02-11 05:36:24'),
(1977, 154, 9, 22, 28, 105, 3.00, ' + 1 + 1 + 1', '2021-02-11 05:35:48', '2021-02-11 05:36:32'),
(1978, 153, 9, 28, 25, 105, 3.00, ' + 1 + 1 + 1', '2021-02-11 05:35:48', '2021-02-11 05:36:32'),
(1979, 153, 5, 26, 15, 105, 3.00, ' + 1 + 1 + 1', '2021-02-11 05:35:48', '2021-02-11 05:36:32'),
(1980, 154, 8, 32, 24, 105, 3.00, ' + 1 + 1 + 1', '2021-02-11 05:35:48', '2021-02-11 05:36:32'),
(1981, 153, 7, 33, 26, 105, 3.00, ' + 1 + 1 + 1', '2021-02-11 05:35:48', '2021-02-11 05:36:32'),
(1982, 154, 7, 33, 24, 105, 3.00, ' + 1 + 1 + 1', '2021-02-11 05:35:48', '2021-02-11 05:36:32'),
(1983, 154, 4, 33, 15, 105, 3.00, ' + 1 + 1 + 1', '2021-02-11 05:35:48', '2021-02-11 05:36:32'),
(1984, 154, 9, 26, 30, 105, 3.00, ' + 1 + 1 + 1', '2021-02-11 05:35:49', '2021-02-11 05:36:32'),
(1985, 154, 8, 27, 11, 105, 3.00, ' + 1 + 1 + 1', '2021-02-11 05:35:49', '2021-02-11 05:36:32'),
(1986, 154, 7, 15, 16, 105, 3.00, ' + 1 + 1 + 1', '2021-02-11 05:35:49', '2021-02-11 05:36:32'),
(1987, 153, 5, 15, 10, 105, 3.00, ' + 1 + 1 + 1', '2021-02-11 05:35:49', '2021-02-11 05:36:32'),
(1988, 154, 7, 30, 11, 105, 3.00, ' + 1 + 1 + 1', '2021-02-11 05:35:49', '2021-02-11 05:36:32'),
(1989, 154, 5, 15, 16, 105, 3.00, ' + 1 + 1 + 1', '2021-02-11 05:35:49', '2021-02-11 05:36:32'),
(1990, 154, 4, 22, 29, 105, 3.00, ' + 1 + 1 + 1', '2021-02-11 05:35:49', '2021-02-11 05:36:32'),
(1991, 154, 4, 30, 21, 105, 3.00, ' + 1 + 1 + 1', '2021-02-11 05:35:49', '2021-02-11 05:36:32'),
(1992, 154, 5, 33, 8, 105, 3.00, ' + 1 + 1 + 1', '2021-02-11 05:35:50', '2021-02-11 05:36:32'),
(1993, 153, 6, 30, 31, 105, 3.00, ' + 1 + 1 + 1', '2021-02-11 05:35:50', '2021-02-11 05:36:32'),
(1994, 154, 7, 30, 11, 105, 3.00, ' + 1 + 1 + 1', '2021-02-11 05:35:50', '2021-02-11 05:36:32'),
(1995, 153, 5, 33, 27, 105, 3.00, ' + 1 + 1 + 1', '2021-02-11 05:35:50', '2021-02-11 05:36:32'),
(1996, 154, 6, 32, 18, 106, 2.00, ' + 1 + 1', '2021-02-11 05:35:50', '2021-02-11 05:36:04'),
(1997, 153, 5, 22, 19, 106, 2.00, ' + 1 + 1', '2021-02-11 05:35:50', '2021-02-11 05:36:04'),
(1998, 154, 6, 30, 16, 106, 2.00, ' + 1 + 1', '2021-02-11 05:35:50', '2021-02-11 05:36:04'),
(1999, 153, 7, 33, 28, 106, 2.00, ' + 1 + 1', '2021-02-11 05:35:50', '2021-02-11 05:36:04'),
(2000, 154, 9, 22, 7, 106, 2.00, ' + 1 + 1', '2021-02-11 05:35:50', '2021-02-11 05:36:04'),
(2001, 153, 9, 33, 23, 106, 2.00, ' + 1 + 1', '2021-02-11 05:35:50', '2021-02-11 05:36:04'),
(2002, 153, 5, 30, 18, 106, 2.00, ' + 1 + 1', '2021-02-11 05:35:50', '2021-02-11 05:36:04'),
(2003, 154, 7, 30, 15, 106, 2.00, ' + 1 + 1', '2021-02-11 05:35:50', '2021-02-11 05:36:04'),
(2004, 154, 8, 33, 9, 106, 2.00, ' + 1 + 1', '2021-02-11 05:35:50', '2021-02-11 05:36:04'),
(2005, 153, 9, 26, 17, 106, 2.00, ' + 1 + 1', '2021-02-11 05:35:50', '2021-02-11 05:36:04'),
(2006, 154, 4, 27, 30, 106, 2.00, ' + 1 + 1', '2021-02-11 05:35:50', '2021-02-11 05:36:04'),
(2007, 154, 7, 28, 17, 106, 2.00, ' + 1 + 1', '2021-02-11 05:35:51', '2021-02-11 05:36:04'),
(2008, 153, 5, 30, 28, 106, 2.00, ' + 1 + 1', '2021-02-11 05:35:51', '2021-02-11 05:36:04'),
(2009, 154, 6, 26, 21, 106, 2.00, ' + 1 + 1', '2021-02-11 05:35:51', '2021-02-11 05:36:04'),
(2010, 154, 6, 28, 7, 106, 2.00, ' + 1 + 1', '2021-02-11 05:35:51', '2021-02-11 05:36:04'),
(2011, 154, 5, 15, 13, 106, 2.00, ' + 1 + 1', '2021-02-11 05:35:51', '2021-02-11 05:36:04'),
(2012, 153, 5, 22, 13, 106, 2.00, ' + 1 + 1', '2021-02-11 05:35:51', '2021-02-11 05:36:04'),
(2013, 154, 7, 22, 14, 106, 2.00, ' + 1 + 1', '2021-02-11 05:35:51', '2021-02-11 05:36:04'),
(2014, 154, 5, 27, 9, 106, 2.00, ' + 1 + 1', '2021-02-11 05:35:51', '2021-02-11 05:36:04'),
(2015, 153, 6, 22, 26, 107, 5.00, ' + 1 + 1 + 1 + 1 + 1', '2021-02-11 05:35:51', '2021-02-11 05:36:32'),
(2016, 153, 6, 33, 24, 107, 5.00, ' + 1 + 1 + 1 + 1 + 1', '2021-02-11 05:35:51', '2021-02-11 05:36:32'),
(2017, 153, 8, 27, 31, 107, 5.00, ' + 1 + 1 + 1 + 1 + 1', '2021-02-11 05:35:51', '2021-02-11 05:36:32'),
(2018, 153, 4, 33, 12, 107, 5.00, ' + 1 + 1 + 1 + 1 + 1', '2021-02-11 05:35:51', '2021-02-11 05:36:32'),
(2019, 153, 4, 32, 12, 107, 5.00, ' + 1 + 1 + 1 + 1 + 1', '2021-02-11 05:35:51', '2021-02-11 05:36:32'),
(2020, 153, 7, 33, 27, 107, 5.00, ' + 1 + 1 + 1 + 1 + 1', '2021-02-11 05:35:51', '2021-02-11 05:36:32'),
(2021, 153, 7, 30, 15, 107, 5.00, ' + 1 + 1 + 1 + 1 + 1', '2021-02-11 05:35:51', '2021-02-11 05:36:32'),
(2022, 154, 5, 22, 30, 107, 5.00, ' + 1 + 1 + 1 + 1 + 1', '2021-02-11 05:35:51', '2021-02-11 05:36:32'),
(2023, 154, 4, 32, 29, 107, 5.00, ' + 1 + 1 + 1 + 1 + 1', '2021-02-11 05:35:51', '2021-02-11 05:36:32'),
(2024, 154, 9, 33, 12, 107, 5.00, ' + 1 + 1 + 1 + 1 + 1', '2021-02-11 05:35:51', '2021-02-11 05:36:32'),
(2025, 154, 5, 15, 12, 107, 5.00, ' + 1 + 1 + 1 + 1 + 1', '2021-02-11 05:35:51', '2021-02-11 05:36:32'),
(2026, 154, 8, 22, 21, 107, 5.00, ' + 1 + 1 + 1 + 1 + 1', '2021-02-11 05:35:51', '2021-02-11 05:36:32'),
(2027, 154, 8, 28, 24, 107, 5.00, ' + 1 + 1 + 1 + 1 + 1', '2021-02-11 05:35:51', '2021-02-11 05:36:32'),
(2028, 153, 6, 15, 20, 107, 5.00, ' + 1 + 1 + 1 + 1 + 1', '2021-02-11 05:35:51', '2021-02-11 05:36:33'),
(2029, 153, 7, 22, 12, 107, 5.00, ' + 1 + 1 + 1 + 1 + 1', '2021-02-11 05:35:51', '2021-02-11 05:36:33'),
(2030, 154, 4, 32, 29, 107, 5.00, ' + 1 + 1 + 1 + 1 + 1', '2021-02-11 05:35:51', '2021-02-11 05:36:33'),
(2031, 154, 7, 15, 7, 107, 5.00, ' + 1 + 1 + 1 + 1 + 1', '2021-02-11 05:35:51', '2021-02-11 05:36:33'),
(2032, 153, 6, 30, 13, 107, 5.00, ' + 1 + 1 + 1 + 1 + 1', '2021-02-11 05:35:51', '2021-02-11 05:36:33'),
(2033, 153, 7, 33, 20, 107, 5.00, ' + 1 + 1 + 1 + 1 + 1', '2021-02-11 05:35:51', '2021-02-11 05:36:33'),
(2034, 153, 5, 28, 15, 108, 1.00, ' + 1', '2021-02-11 05:35:51', '2021-02-11 05:36:03'),
(2035, 153, 5, 22, 30, 108, 1.00, ' + 1', '2021-02-11 05:35:51', '2021-02-11 05:36:03'),
(2036, 154, 7, 26, 16, 108, 1.00, ' + 1', '2021-02-11 05:35:51', '2021-02-11 05:36:03'),
(2037, 154, 5, 22, 27, 108, 1.00, ' + 1', '2021-02-11 05:35:51', '2021-02-11 05:36:04'),
(2038, 153, 4, 32, 27, 108, 1.00, ' + 1', '2021-02-11 05:35:52', '2021-02-11 05:36:04'),
(2039, 153, 5, 28, 26, 108, 1.00, ' + 1', '2021-02-11 05:35:52', '2021-02-11 05:36:04'),
(2040, 154, 4, 33, 21, 108, 1.00, ' + 1', '2021-02-11 05:35:52', '2021-02-11 05:36:04'),
(2041, 153, 8, 30, 25, 108, 1.00, ' + 1', '2021-02-11 05:35:52', '2021-02-11 05:36:04'),
(2042, 154, 5, 28, 31, 108, 1.00, ' + 1', '2021-02-11 05:35:52', '2021-02-11 05:36:04'),
(2043, 153, 7, 30, 18, 108, 1.00, ' + 1', '2021-02-11 05:35:52', '2021-02-11 05:36:04'),
(2044, 153, 5, 32, 18, 108, 1.00, ' + 1', '2021-02-11 05:35:52', '2021-02-11 05:36:04'),
(2045, 153, 9, 32, 14, 108, 1.00, ' + 1', '2021-02-11 05:35:52', '2021-02-11 05:36:04'),
(2046, 154, 7, 28, 9, 108, 1.00, ' + 1', '2021-02-11 05:35:52', '2021-02-11 05:36:04'),
(2047, 154, 9, 33, 29, 108, 1.00, ' + 1', '2021-02-11 05:35:52', '2021-02-11 05:36:04'),
(2048, 154, 8, 30, 19, 108, 1.00, ' + 1', '2021-02-11 05:35:52', '2021-02-11 05:36:04'),
(2049, 153, 8, 32, 8, 108, 1.00, ' + 1', '2021-02-11 05:35:52', '2021-02-11 05:36:04'),
(2050, 154, 7, 27, 23, 108, 1.00, ' + 1', '2021-02-11 05:35:52', '2021-02-11 05:36:04'),
(2051, 153, 7, 28, 11, 108, 1.00, ' + 1', '2021-02-11 05:35:52', '2021-02-11 05:36:04'),
(2052, 154, 9, 30, 7, 108, 1.00, ' + 1', '2021-02-11 05:35:52', '2021-02-11 05:36:04'),
(2053, 153, 6, 32, 7, 109, NULL, NULL, '2021-02-11 05:35:52', '2021-02-11 05:35:52'),
(2054, 154, 7, 28, 26, 109, NULL, NULL, '2021-02-11 05:35:52', '2021-02-11 05:35:52'),
(2055, 154, 8, 26, 20, 109, NULL, NULL, '2021-02-11 05:35:52', '2021-02-11 05:35:52'),
(2056, 153, 4, 15, 10, 109, NULL, NULL, '2021-02-11 05:35:52', '2021-02-11 05:35:52'),
(2057, 154, 8, 30, 11, 109, NULL, NULL, '2021-02-11 05:35:52', '2021-02-11 05:35:52'),
(2058, 154, 5, 28, 24, 109, NULL, NULL, '2021-02-11 05:35:52', '2021-02-11 05:35:52'),
(2059, 154, 9, 32, 13, 109, NULL, NULL, '2021-02-11 05:35:52', '2021-02-11 05:35:52'),
(2060, 153, 4, 30, 22, 109, NULL, NULL, '2021-02-11 05:35:52', '2021-02-11 05:35:52'),
(2061, 154, 4, 26, 14, 109, NULL, NULL, '2021-02-11 05:35:52', '2021-02-11 05:35:52'),
(2062, 154, 9, 26, 30, 109, NULL, NULL, '2021-02-11 05:35:52', '2021-02-11 05:35:52'),
(2063, 153, 7, 27, 21, 109, NULL, NULL, '2021-02-11 05:35:53', '2021-02-11 05:35:53'),
(2064, 154, 8, 22, 17, 109, NULL, NULL, '2021-02-11 05:35:53', '2021-02-11 05:35:53'),
(2065, 153, 9, 30, 7, 109, NULL, NULL, '2021-02-11 05:35:53', '2021-02-11 05:35:53'),
(2066, 154, 7, 22, 23, 109, NULL, NULL, '2021-02-11 05:35:53', '2021-02-11 05:35:53'),
(2067, 154, 4, 33, 16, 109, NULL, NULL, '2021-02-11 05:35:53', '2021-02-11 05:35:53'),
(2068, 154, 6, 30, 11, 109, NULL, NULL, '2021-02-11 05:35:53', '2021-02-11 05:35:53'),
(2069, 153, 9, 32, 19, 109, NULL, NULL, '2021-02-11 05:35:53', '2021-02-11 05:35:53'),
(2070, 153, 8, 33, 9, 109, NULL, NULL, '2021-02-11 05:35:53', '2021-02-11 05:35:53'),
(2071, 153, 7, 28, 18, 109, NULL, NULL, '2021-02-11 05:35:53', '2021-02-11 05:35:53'),
(2072, 153, 5, 28, 30, 110, 2.00, ' + 1 + 1', '2021-02-11 05:35:53', '2021-02-11 05:36:15'),
(2073, 153, 6, 28, 7, 110, 2.00, ' + 1 + 1', '2021-02-11 05:35:53', '2021-02-11 05:36:15'),
(2074, 154, 8, 26, 19, 110, 2.00, ' + 1 + 1', '2021-02-11 05:35:53', '2021-02-11 05:36:15'),
(2075, 154, 9, 26, 27, 110, 2.00, ' + 1 + 1', '2021-02-11 05:35:53', '2021-02-11 05:36:15'),
(2076, 154, 7, 30, 27, 110, 2.00, ' + 1 + 1', '2021-02-11 05:35:53', '2021-02-11 05:36:15'),
(2077, 153, 9, 15, 18, 110, 2.00, ' + 1 + 1', '2021-02-11 05:35:53', '2021-02-11 05:36:15'),
(2078, 153, 4, 27, 29, 110, 2.00, ' + 1 + 1', '2021-02-11 05:35:53', '2021-02-11 05:36:15'),
(2079, 154, 6, 32, 10, 110, 2.00, ' + 1 + 1', '2021-02-11 05:35:53', '2021-02-11 05:36:15'),
(2080, 154, 7, 33, 18, 110, 2.00, ' + 1 + 1', '2021-02-11 05:35:53', '2021-02-11 05:36:15'),
(2081, 154, 4, 27, 24, 110, 2.00, ' + 1 + 1', '2021-02-11 05:35:53', '2021-02-11 05:36:15'),
(2082, 153, 8, 27, 31, 110, 2.00, ' + 1 + 1', '2021-02-11 05:35:53', '2021-02-11 05:36:15'),
(2083, 154, 6, 28, 12, 110, 2.00, ' + 1 + 1', '2021-02-11 05:35:53', '2021-02-11 05:36:15'),
(2084, 154, 9, 33, 15, 110, 2.00, ' + 1 + 1', '2021-02-11 05:35:53', '2021-02-11 05:36:15'),
(2085, 154, 5, 27, 13, 110, 2.00, ' + 1 + 1', '2021-02-11 05:35:53', '2021-02-11 05:36:15'),
(2086, 154, 6, 32, 29, 110, 2.00, ' + 1 + 1', '2021-02-11 05:35:53', '2021-02-11 05:36:15'),
(2087, 154, 7, 32, 14, 110, 2.00, ' + 1 + 1', '2021-02-11 05:35:53', '2021-02-11 05:36:15'),
(2088, 153, 6, 33, 17, 110, 2.00, ' + 1 + 1', '2021-02-11 05:35:53', '2021-02-11 05:36:15'),
(2089, 154, 6, 28, 11, 110, 2.00, ' + 1 + 1', '2021-02-11 05:35:53', '2021-02-11 05:36:15'),
(2090, 153, 9, 26, 16, 110, 2.00, ' + 1 + 1', '2021-02-11 05:35:53', '2021-02-11 05:36:15'),
(2091, 154, 7, 33, 7, 111, 1.00, ' + 1', '2021-02-11 05:35:53', '2021-02-11 05:36:05'),
(2092, 153, 6, 26, 28, 111, 1.00, ' + 1', '2021-02-11 05:35:53', '2021-02-11 05:36:05'),
(2093, 153, 6, 32, 12, 111, 1.00, ' + 1', '2021-02-11 05:35:53', '2021-02-11 05:36:05'),
(2094, 154, 4, 32, 19, 111, 1.00, ' + 1', '2021-02-11 05:35:53', '2021-02-11 05:36:05'),
(2095, 153, 4, 15, 24, 111, 1.00, ' + 1', '2021-02-11 05:35:53', '2021-02-11 05:36:05'),
(2096, 153, 7, 26, 8, 111, 1.00, ' + 1', '2021-02-11 05:35:54', '2021-02-11 05:36:05'),
(2097, 153, 6, 26, 30, 111, 1.00, ' + 1', '2021-02-11 05:35:54', '2021-02-11 05:36:05'),
(2098, 153, 5, 15, 21, 111, 1.00, ' + 1', '2021-02-11 05:35:54', '2021-02-11 05:36:05'),
(2099, 154, 9, 26, 17, 111, 1.00, ' + 1', '2021-02-11 05:35:55', '2021-02-11 05:36:05'),
(2100, 153, 5, 28, 16, 111, 1.00, ' + 1', '2021-02-11 05:35:55', '2021-02-11 05:36:05'),
(2101, 153, 8, 28, 10, 111, 1.00, ' + 1', '2021-02-11 05:35:55', '2021-02-11 05:36:05'),
(2102, 154, 6, 32, 28, 111, 1.00, ' + 1', '2021-02-11 05:35:55', '2021-02-11 05:36:05'),
(2103, 154, 7, 15, 25, 111, 1.00, ' + 1', '2021-02-11 05:35:55', '2021-02-11 05:36:05'),
(2104, 154, 6, 30, 10, 111, 1.00, ' + 1', '2021-02-11 05:35:55', '2021-02-11 05:36:05'),
(2105, 153, 8, 26, 25, 111, 1.00, ' + 1', '2021-02-11 05:35:55', '2021-02-11 05:36:05'),
(2106, 154, 8, 28, 26, 111, 1.00, ' + 1', '2021-02-11 05:35:55', '2021-02-11 05:36:05'),
(2107, 153, 7, 22, 21, 111, 1.00, ' + 1', '2021-02-11 05:35:55', '2021-02-11 05:36:05'),
(2108, 153, 9, 22, 12, 111, 1.00, ' + 1', '2021-02-11 05:35:55', '2021-02-11 05:36:05'),
(2109, 153, 8, 15, 27, 111, 1.00, ' + 1', '2021-02-11 05:35:55', '2021-02-11 05:36:05'),
(2110, 153, 9, 28, 11, 112, 2.00, ' + 1 + 1', '2021-02-11 05:35:55', '2021-02-11 05:36:22'),
(2111, 153, 9, 26, 14, 112, 2.00, ' + 1 + 1', '2021-02-11 05:35:55', '2021-02-11 05:36:22'),
(2112, 154, 5, 28, 14, 112, 2.00, ' + 1 + 1', '2021-02-11 05:35:55', '2021-02-11 05:36:22'),
(2113, 154, 7, 28, 21, 112, 2.00, ' + 1 + 1', '2021-02-11 05:35:55', '2021-02-11 05:36:22'),
(2114, 154, 7, 28, 20, 112, 2.00, ' + 1 + 1', '2021-02-11 05:35:56', '2021-02-11 05:36:22'),
(2115, 153, 5, 22, 17, 112, 2.00, ' + 1 + 1', '2021-02-11 05:35:56', '2021-02-11 05:36:22'),
(2116, 153, 7, 33, 14, 112, 2.00, ' + 1 + 1', '2021-02-11 05:35:56', '2021-02-11 05:36:22'),
(2117, 153, 6, 28, 25, 112, 2.00, ' + 1 + 1', '2021-02-11 05:35:56', '2021-02-11 05:36:22'),
(2118, 154, 7, 22, 27, 112, 2.00, ' + 1 + 1', '2021-02-11 05:35:56', '2021-02-11 05:36:22'),
(2119, 154, 9, 32, 19, 112, 2.00, ' + 1 + 1', '2021-02-11 05:35:56', '2021-02-11 05:36:22'),
(2120, 154, 9, 33, 8, 112, 2.00, ' + 1 + 1', '2021-02-11 05:35:56', '2021-02-11 05:36:22'),
(2121, 154, 6, 33, 26, 112, 2.00, ' + 1 + 1', '2021-02-11 05:35:56', '2021-02-11 05:36:22'),
(2122, 154, 8, 22, 28, 112, 2.00, ' + 1 + 1', '2021-02-11 05:35:56', '2021-02-11 05:36:22'),
(2123, 153, 8, 32, 24, 112, 2.00, ' + 1 + 1', '2021-02-11 05:35:56', '2021-02-11 05:36:22'),
(2124, 153, 8, 22, 9, 112, 2.00, ' + 1 + 1', '2021-02-11 05:35:57', '2021-02-11 05:36:22'),
(2125, 154, 6, 30, 8, 112, 2.00, ' + 1 + 1', '2021-02-11 05:35:57', '2021-02-11 05:36:22'),
(2126, 154, 9, 32, 10, 112, 2.00, ' + 1 + 1', '2021-02-11 05:35:57', '2021-02-11 05:36:22'),
(2127, 153, 7, 32, 11, 112, 2.00, ' + 1 + 1', '2021-02-11 05:35:57', '2021-02-11 05:36:22'),
(2128, 154, 8, 30, 7, 112, 2.00, ' + 1 + 1', '2021-02-11 05:35:57', '2021-02-11 05:36:22');

-- --------------------------------------------------------

--
-- Table structure for table `settings`
--

CREATE TABLE `settings` (
  `id` int(11) NOT NULL,
  `key` int(11) NOT NULL,
  `name` int(11) DEFAULT NULL,
  `value` int(11) DEFAULT NULL,
  `created_at` timestamp NULL DEFAULT NULL,
  `updated_at` timestamp NULL DEFAULT NULL
) ENGINE=InnoDB DEFAULT CHARSET=utf8mb4;

--
-- Dumping data for table `settings`
--

INSERT INTO `settings` (`id`, `key`, `name`, `value`, `created_at`, `updated_at`) VALUES
(1, 0, 0, 0, '2021-01-05 04:50:47', '2021-02-11 05:10:55');

-- --------------------------------------------------------

--
-- Table structure for table `teachs`
--

CREATE TABLE `teachs` (
  `id` int(10) UNSIGNED NOT NULL,
  `courses_id` int(10) UNSIGNED DEFAULT NULL,
  `lecturers_id` int(10) UNSIGNED DEFAULT NULL,
  `class_room` varchar(255) COLLATE utf8_unicode_ci NOT NULL,
  `year` varchar(255) COLLATE utf8_unicode_ci NOT NULL,
  `created_at` timestamp NULL DEFAULT NULL,
  `updated_at` timestamp NULL DEFAULT NULL
) ENGINE=InnoDB DEFAULT CHARSET=utf8 COLLATE=utf8_unicode_ci;

--
-- Dumping data for table `teachs`
--

INSERT INTO `teachs` (`id`, `courses_id`, `lecturers_id`, `class_room`, `year`, `created_at`, `updated_at`) VALUES
(151, 67, 38, 'Kelas B1', '2021-2022', NULL, NULL),
(152, 67, 38, 'Kelas B1', '2021-2022', NULL, NULL),
(153, 68, 39, 'Kelas B1', '2020-2021', NULL, NULL),
(154, 68, 42, '', '2020-2021', NULL, NULL),
(155, 73, 42, '', '2020-2021', NULL, NULL),
(156, 71, 42, '', '2020-2021', NULL, NULL),
(157, 74, 42, '', '2020-2021', NULL, NULL),
(158, 85, 43, '', '2020-2021', NULL, NULL),
(159, 86, 43, '', '2020-2021', NULL, NULL),
(160, 87, 43, '', '2020-2021', NULL, NULL),
(161, 88, 43, '', '2020-2021', NULL, NULL),
(162, 89, 44, 'Kelas A2', '2020-2021', NULL, NULL),
(163, 85, 44, '', '2020-2021', NULL, NULL),
(164, 89, 44, 'Kelas A2', '2020-2021', NULL, NULL),
(165, 90, 44, '', '2020-2021', NULL, NULL),
(166, 85, 47, '', '2020-2021', NULL, NULL),
(167, 86, 47, '', '2020-2021', NULL, NULL),
(168, 87, 47, '', '2020-2021', NULL, NULL),
(169, 88, 47, '', '2020-2021', NULL, NULL);

-- --------------------------------------------------------

--
-- Table structure for table `timedays`
--

CREATE TABLE `timedays` (
  `id` int(10) UNSIGNED NOT NULL,
  `code_timedays` varchar(255) COLLATE utf8_unicode_ci NOT NULL,
  `days_id` int(10) UNSIGNED DEFAULT NULL,
  `times_id` int(10) UNSIGNED DEFAULT NULL,
  `created_at` timestamp NULL DEFAULT NULL,
  `updated_at` timestamp NULL DEFAULT NULL
) ENGINE=InnoDB DEFAULT CHARSET=utf8 COLLATE=utf8_unicode_ci;

-- --------------------------------------------------------

--
-- Table structure for table `times`
--

CREATE TABLE `times` (
  `id` int(10) UNSIGNED NOT NULL,
  `code_times` varchar(255) COLLATE utf8_unicode_ci NOT NULL,
  `time_begin` varchar(255) COLLATE utf8_unicode_ci NOT NULL,
  `time_finish` varchar(255) COLLATE utf8_unicode_ci NOT NULL,
  `range` varchar(255) COLLATE utf8_unicode_ci NOT NULL,
  `sks` int(11) DEFAULT NULL,
  `created_at` timestamp NULL DEFAULT NULL,
  `updated_at` timestamp NULL DEFAULT NULL
) ENGINE=InnoDB DEFAULT CHARSET=utf8 COLLATE=utf8_unicode_ci;

--
-- Dumping data for table `times`
--

INSERT INTO `times` (`id`, `code_times`, `time_begin`, `time_finish`, `range`, `sks`, `created_at`, `updated_at`) VALUES
(6, '24', '19:00', '19:50', '19:00 - 19:50', 1, '2016-11-04 01:28:36', '2016-12-01 03:13:17'),
(7, '23', '18:00', '19:50', '18:00 - 19:50', 2, '2016-11-04 01:29:07', '2016-12-01 03:13:29'),
(8, '22', '18:00', '18:50', '18:00 - 18:50', 1, '2016-11-04 01:29:30', '2016-12-01 03:13:38'),
(9, '21', '17:00', '17:50', '17:00 - 17:50', 1, '2016-11-04 01:29:49', '2016-12-01 03:13:47'),
(10, '20', '16:00', '17:50', '16:00 - 17:50', 2, '2016-11-04 01:30:30', '2016-12-01 03:13:57'),
(11, '19', '16:00', '16:50', '16:00 - 16:50', 1, '2016-11-04 01:30:48', '2016-12-01 03:14:15'),
(12, '18', '15:00', '15:50', '15:00 - 15:50', 1, '2016-11-04 01:31:09', '2016-12-01 03:14:23'),
(13, '17', '14:00', '14:50', '14:00 - 14:50', 1, '2016-11-04 01:31:24', '2016-12-01 03:14:32'),
(14, '16', '13:00', '13:50', '13:00 - 13:50', 1, '2016-11-04 01:31:41', '2016-12-01 03:14:42'),
(15, '15', '14:00', '16:50', '14:00 - 16:50', 3, '2016-11-04 01:31:57', '2016-12-01 03:14:49'),
(16, '14', '14:00', '15:50', '14:00 - 15:50', 2, '2016-11-04 01:32:11', '2016-12-01 03:14:59'),
(17, '13', '14:00', '14:50', '14:00 - 14:50', 1, '2016-11-08 10:19:12', '2016-12-01 03:15:06'),
(18, '12', '13:00', '16:50', '13:00 - 16:50', 4, '2016-11-08 10:21:32', '2016-12-01 03:15:16'),
(19, '11', '13:00', '13:50', '13:00 - 13:50', 1, '2016-11-08 11:12:24', '2016-12-01 03:15:25'),
(20, '10', '12:00', '13:50', '12:00 - 13:50', 2, '2016-11-08 11:12:49', '2016-12-01 03:15:35'),
(21, '9', '12:00', '12:50', '12:00 - 12:50', 1, '2016-11-08 11:13:23', '2016-12-01 03:15:47'),
(22, '8', '11:00', '13:50', '11:00 - 13:50', 3, '2016-11-08 11:14:16', '2016-12-01 03:15:58'),
(23, '7', '11:00', '11:50', '11:00 - 11:50', 1, '2016-11-08 11:15:14', '2016-12-01 03:16:08'),
(24, '6', '10:00', '11:50', '10:00 - 11:50', 2, '2016-11-08 11:16:14', '2016-12-01 03:16:28'),
(26, '4', '08:00 PM', '10:00 PM', '08:00 PM - 10:00 PM', 3, '2016-11-08 11:17:24', '2021-02-11 02:14:05'),
(27, '3', '06:00 PM', '08:00 PM', '06:00 PM - 08:00 PM', 3, '2016-11-08 11:18:01', '2021-02-11 02:13:27'),
(28, '2', '03:00 PM', '05:00 PM', '03:00 PM - 05:00 PM', 3, '2016-11-08 11:18:34', '2021-02-11 02:12:59'),
(30, '1', '01:00 PM', '03:00 PM', '01:00 PM - 03:00 PM', 3, '2016-12-01 03:08:33', '2021-02-11 02:12:24'),
(32, '123', '10:00 AM', '12:00 AM', '10:00 AM - 12:00 AM', 3, '2021-01-05 14:52:40', '2021-02-11 02:12:01'),
(33, '34', '08:00 AM', '10:00 AM', '08:00 AM - 10:00 AM', 3, '2021-02-10 19:33:26', '2021-02-11 02:11:27');

-- --------------------------------------------------------

--
-- Table structure for table `time_not_available`
--

CREATE TABLE `time_not_available` (
  `id` int(10) UNSIGNED NOT NULL,
  `lecturers_id` int(10) UNSIGNED DEFAULT NULL,
  `days_id` int(10) UNSIGNED DEFAULT NULL,
  `times_id` int(10) UNSIGNED DEFAULT NULL,
  `created_at` timestamp NULL DEFAULT NULL,
  `updated_at` timestamp NULL DEFAULT NULL
) ENGINE=InnoDB DEFAULT CHARSET=utf8 COLLATE=utf8_unicode_ci;

-- --------------------------------------------------------

--
-- Table structure for table `users`
--

CREATE TABLE `users` (
  `id` int(10) UNSIGNED NOT NULL,
  `name` varchar(255) COLLATE utf8_unicode_ci NOT NULL,
  `email` varchar(255) COLLATE utf8_unicode_ci NOT NULL,
  `password` varchar(255) COLLATE utf8_unicode_ci NOT NULL,
  `remember_token` varchar(100) COLLATE utf8_unicode_ci DEFAULT NULL,
  `role` enum('admin','prodi','dosen') COLLATE utf8_unicode_ci NOT NULL,
  `user_dosen` varchar(20) COLLATE utf8_unicode_ci NOT NULL,
  `user_prodi` varchar(25) COLLATE utf8_unicode_ci NOT NULL,
  `displin_ilmu` varchar(25) COLLATE utf8_unicode_ci NOT NULL,
  `konsen_ilmu` varchar(25) COLLATE utf8_unicode_ci NOT NULL,
  `no_tlp` text COLLATE utf8_unicode_ci NOT NULL,
  `alamat` text COLLATE utf8_unicode_ci NOT NULL,
  `created_at` timestamp NULL DEFAULT NULL,
  `updated_at` timestamp NULL DEFAULT NULL
) ENGINE=InnoDB DEFAULT CHARSET=utf8 COLLATE=utf8_unicode_ci;

--
-- Dumping data for table `users`
--

INSERT INTO `users` (`id`, `name`, `email`, `password`, `remember_token`, `role`, `user_dosen`, `user_prodi`, `displin_ilmu`, `konsen_ilmu`, `no_tlp`, `alamat`, `created_at`, `updated_at`) VALUES
(1, 'admin', 'admin@gmail.com', '$2y$10$hlH9ecuHuFUxUjs4j4k1guSjlDZS7OtqK8sSIsJWSH2mc3ncskNlK', '12IIbsR08XBcutDkOryfW05apSbPXRkNWOZVdFM2QfwsRlfE6nAagzKGDDjx', 'admin', '0', '', '', '', '', '', '2016-10-30 07:32:57', '2021-02-11 05:00:09'),
(2, 'prodi', 'prodi@gmail.com', '$2y$10$DrJJLe.t7fqxa847D.HJX.z9CtdozXs/9/QekRaP8SLaatn2qZzQS', 'SoOnpcPwEr7QVwE2hnBqbp1jY7yQqMBEMvwZKK326PPYPZKQ9gbQg7P7wUdv', 'prodi', '0', '', '', '', '', '', '2021-01-01 04:58:07', '2021-02-08 13:28:40'),
(32, 'Nuke L Chusna Ssi, MKom', 'nukenuke@unkris.ac.id', '$2y$10$jLO8LmK9oGYOVR6Y2gNsMe9qxBPkPxrU/UvuKwquoXyqh8ueb.SiG', '6JPYuoOM6UUS7pnoz0zVcllL5szTODFRWoIMCg6en6Zt2UdzhrHlKg9iLMwC', 'dosen', '119092039101923', '', 'S1', 'S@', '089502524512', 'jalan harapan', '2021-02-10 14:26:20', '2021-02-10 18:30:14'),
(36, 'Nuke L Chusna Ssi, MKom', 'nukelchusna@gmail.com', '$2y$10$VSXVwcV6RF5CSkHTz44WEucv4uF53RFE3PDzDau/6m91BKwfN8Im2', NULL, 'dosen', '1199029', '', '', '', '', '', '2021-02-11 01:54:31', '2021-02-11 01:54:31'),
(39, 'Nur Azis', 'prodisi@unkris.ac.id', '$2y$10$FXbw03U11mZ2YHgTX14BD.nP4CyvQnW7k6KlWrpQxU8H0iWWMjHDC', NULL, 'prodi', '', '0789988980', '', '', '', '', '2021-02-11 02:05:56', '2021-02-11 02:05:56'),
(40, 'Dr Harjono P Putro, ST, MKom', 'harjonopputro@unkris.ac.id', '$2y$10$8ejXmuQnf7QlNoxy6CqN1uKYAD0OFaKF9DgekZaXQWaBwIsxqU6sG', NULL, 'dosen', '192383910', '', '', '', '', '', '2021-02-11 02:10:23', '2021-02-11 02:10:23'),
(42, 'Prodi Mesin', 'prodimesin@gmail.com', '$2y$10$VqcZOgbLQCFH1QcPdfLzu.BJN1WAiWDUZRnAtqqxzfGARDJ0YXM4m', NULL, 'prodi', '', '83929038', '', '', '', '', '2021-02-11 02:16:39', '2021-02-11 02:16:39'),
(43, 'Prodi Arsitektur', 'prodiarsitektur@gmail.com', '$2y$10$3piW0ELISvH2esEm2pb3q.QQInnZoMMZp0eX4SnFJlbTf.KqeAE5y', NULL, 'prodi', '', '7834267111', '', '', '', '', '2021-02-11 02:18:05', '2021-02-11 02:18:05'),
(44, 'Prodi Elektro', 'prodielektro@gmail.com', '$2y$10$ulqvyfTiT0eQZMs2pYWFE.Z3g0Ga/kiLXWe8eUwvj6Rx4NYwkWQgW', NULL, 'prodi', '', '4583948', '', '', '', '', '2021-02-11 02:19:10', '2021-02-11 02:19:10'),
(45, 'Prodi Industri', 'prodiindustri@gmail.com', '$2y$10$S.c/goEDpy7uEY/e.ux51ufQ5SRRx4dhdq.l1ngDHSJcE.pJgWKCC', NULL, 'prodi', '', '63535252', '', '', '', '', '2021-02-11 02:21:34', '2021-02-11 02:21:34'),
(46, 'Prodi Sipil', 'prodisipil@gmail.com', '$2y$10$E9HIcmcYIrvsAGaoCLCxAeIP4SulSef05E8Arca22jDEAL0sJrJRO', NULL, 'prodi', '', '746582736', '', '', '', '', '2021-02-11 02:22:35', '2021-02-11 02:22:35'),
(47, 'Prodi PWK', 'prodipwk@gmail.com', '$2y$10$xE/AW/f0E2T5qDihc3BEa.wECswLGW/ca7aqrnYB9uuN8ur/Ft8o6', NULL, 'prodi', '', '478235723', '', '', '', '', '2021-02-11 02:24:57', '2021-02-11 02:24:57'),
(48, 'Nuke L Chusna Ssi, MKom', 'prodiit@gmail.com', '$2y$10$PaxiMcksmee9DnyOkQL8IOeIkh/BNbPIwF94wW9x3lLPgBngyNMsG', 'AlqETt0EMjuIH088axgTYMzj9EWCoCYCttVdfep9MHI8THw5RmZ39AJUsJnX', 'prodi', '', '1783837', '', '', '', '', '2021-02-11 02:58:03', '2021-02-11 04:58:44'),
(49, 'Moch Fachri, ST, MT', 'mochfachri@gmail.com', '$2y$10$siztfvb2FZLBr0jrohzlL.JZv2XFlUunPCbr7GcxQIyPXpAi2emm.', 'yvnc2Cy3WsLrumYrYyo3QJlURYGhGLhYNY65ecTpaCavA5PjN74xfXJL85Qz', 'dosen', '1265762348', '', '', '', '', '', '2021-02-11 03:01:06', '2021-02-11 03:06:43'),
(50, 'Naufal', 'naufal@gmail.com', '$2y$10$5DQLiBPkORuZtOZf7FzSze8M2AoxBgalzsRoCx.wiNJENhjxe1UK6', 'Zght6LkWf7CDhMeu8l201pRSCLTTv2j2HLcN4XYQrjiC9QUGeZ4Yq41S7N9X', 'dosen', '84983857', '', '', '', '', '', '2021-02-11 03:48:02', '2021-02-11 04:06:40'),
(51, 'Jeni', 'jeni@gmail.com', '$2y$10$MxTPw6/4lkdo75WGDyWu4.ayygtwtP8exUF97DIrRCNlWLV3zyG4y', 'dHCe70c5r2aSuRHbrSBuXsRR6qmy8Tu0iwbpscqgsdJZsz68E1NRITQGOmVp', 'prodi', '', '5367', '', '', '', '', '2021-02-11 03:50:57', '2021-02-11 04:55:00'),
(52, 'Naufall', 'naufall@gmail.com', '$2y$10$iz.JY1Ub0RZVjnEa709lke4xpxD43n/Figy2niSzm6o6txTmEeDx2', NULL, 'dosen', '23789439', '', '', '', '', '', '2021-02-11 04:03:34', '2021-02-11 04:03:34'),
(53, 'apiv ', 'avip@gmail.com', '$2y$10$4QMBji/iydwUh8Qu3lstl..swB068PM9PMWrebZ.GmRzaA4pN1Bii', NULL, 'dosen', '6478129', '', '', '', '', '', '2021-02-11 04:43:48', '2021-02-11 04:43:48'),
(54, 'wargijono', 'wargi@gmail.com', '$2y$10$XtAn0scN2KAg2KqNOZKiCOOWmAp5PjvmCcpYme1Zhg9PbnW5K5Mx2', 'MPwNRWYMhp7lecLx4E6t8Dq11F6rUjPgvyu5vHsspxZ5V8J7n7dgEVunKbjC', 'dosen', '7632487', '', '', '', '', '', '2021-02-11 04:56:45', '2021-02-11 04:58:04'),
(55, 'azis', 'azis@gmail.com', '$2y$10$eq4DrGfS4mw2jyHQxVV6A.NWaJSYNz7fb0tLxBFQvHYGy8XJO/wDC', '7i3WddBX1nItcu5kEhSEMr34wSVc8xAwdSdQaGEKd6nL3zsO1WzIEXoZHVpC', 'dosen', '76342', '', '', '', '', '', '2021-02-11 05:00:01', '2021-02-11 05:09:17');

--
-- Indexes for dumped tables
--

--
-- Indexes for table `courses`
--
ALTER TABLE `courses`
  ADD PRIMARY KEY (`id`);

--
-- Indexes for table `days`
--
ALTER TABLE `days`
  ADD PRIMARY KEY (`id`);

--
-- Indexes for table `jadwal_fix`
--
ALTER TABLE `jadwal_fix`
  ADD PRIMARY KEY (`id`);

--
-- Indexes for table `ketersediaan`
--
ALTER TABLE `ketersediaan`
  ADD PRIMARY KEY (`id`);

--
-- Indexes for table `lecturers`
--
ALTER TABLE `lecturers`
  ADD PRIMARY KEY (`id`),
  ADD UNIQUE KEY `lecturers_email_unique` (`email`);

--
-- Indexes for table `migrations`
--
ALTER TABLE `migrations`
  ADD PRIMARY KEY (`id`);

--
-- Indexes for table `module_hari`
--
ALTER TABLE `module_hari`
  ADD PRIMARY KEY (`hari_id`);

--
-- Indexes for table `module_jam`
--
ALTER TABLE `module_jam`
  ADD PRIMARY KEY (`jam_id`);

--
-- Indexes for table `module_ketersedian`
--
ALTER TABLE `module_ketersedian`
  ADD PRIMARY KEY (`id_ketersedian`),
  ADD UNIQUE KEY `id_ketersedian` (`id_ketersedian`);

--
-- Indexes for table `prodi`
--
ALTER TABLE `prodi`
  ADD PRIMARY KEY (`id`);

--
-- Indexes for table `rooms`
--
ALTER TABLE `rooms`
  ADD PRIMARY KEY (`id`);

--
-- Indexes for table `schedules`
--
ALTER TABLE `schedules`
  ADD PRIMARY KEY (`id`),
  ADD KEY `schedules_teachs_id_foreign` (`teachs_id`),
  ADD KEY `schedules_days_id_foreign` (`days_id`),
  ADD KEY `schedules_times_id_foreign` (`times_id`),
  ADD KEY `schedules_rooms_id_foreign` (`rooms_id`);

--
-- Indexes for table `settings`
--
ALTER TABLE `settings`
  ADD PRIMARY KEY (`id`);

--
-- Indexes for table `teachs`
--
ALTER TABLE `teachs`
  ADD PRIMARY KEY (`id`),
  ADD KEY `teachs_courses_id_foreign` (`courses_id`),
  ADD KEY `teachs_lecturers_id_foreign` (`lecturers_id`);

--
-- Indexes for table `timedays`
--
ALTER TABLE `timedays`
  ADD PRIMARY KEY (`id`),
  ADD KEY `timedays_days_id_foreign` (`days_id`),
  ADD KEY `timedays_times_id_foreign` (`times_id`);

--
-- Indexes for table `times`
--
ALTER TABLE `times`
  ADD PRIMARY KEY (`id`);

--
-- Indexes for table `time_not_available`
--
ALTER TABLE `time_not_available`
  ADD PRIMARY KEY (`id`),
  ADD KEY `time_not_available_lecturers_id_foreign` (`lecturers_id`),
  ADD KEY `time_not_available_days_id_foreign` (`days_id`),
  ADD KEY `time_not_available_times_id_foreign` (`times_id`);

--
-- Indexes for table `users`
--
ALTER TABLE `users`
  ADD PRIMARY KEY (`id`),
  ADD UNIQUE KEY `users_email_unique` (`email`);

--
-- AUTO_INCREMENT for dumped tables
--

--
-- AUTO_INCREMENT for table `courses`
--
ALTER TABLE `courses`
  MODIFY `id` int(10) UNSIGNED NOT NULL AUTO_INCREMENT, AUTO_INCREMENT=91;

--
-- AUTO_INCREMENT for table `days`
--
ALTER TABLE `days`
  MODIFY `id` int(10) UNSIGNED NOT NULL AUTO_INCREMENT, AUTO_INCREMENT=10;

--
-- AUTO_INCREMENT for table `jadwal_fix`
--
ALTER TABLE `jadwal_fix`
  MODIFY `id` int(11) NOT NULL AUTO_INCREMENT, AUTO_INCREMENT=6;

--
-- AUTO_INCREMENT for table `ketersediaan`
--
ALTER TABLE `ketersediaan`
  MODIFY `id` int(11) NOT NULL AUTO_INCREMENT, AUTO_INCREMENT=29;

--
-- AUTO_INCREMENT for table `lecturers`
--
ALTER TABLE `lecturers`
  MODIFY `id` int(10) UNSIGNED NOT NULL AUTO_INCREMENT, AUTO_INCREMENT=49;

--
-- AUTO_INCREMENT for table `migrations`
--
ALTER TABLE `migrations`
  MODIFY `id` int(10) UNSIGNED NOT NULL AUTO_INCREMENT, AUTO_INCREMENT=18;

--
-- AUTO_INCREMENT for table `module_hari`
--
ALTER TABLE `module_hari`
  MODIFY `hari_id` int(11) NOT NULL AUTO_INCREMENT, AUTO_INCREMENT=50;

--
-- AUTO_INCREMENT for table `module_jam`
--
ALTER TABLE `module_jam`
  MODIFY `jam_id` int(11) NOT NULL AUTO_INCREMENT, AUTO_INCREMENT=56;

--
-- AUTO_INCREMENT for table `module_ketersedian`
--
ALTER TABLE `module_ketersedian`
  MODIFY `id_ketersedian` int(10) NOT NULL AUTO_INCREMENT, AUTO_INCREMENT=83;

--
-- AUTO_INCREMENT for table `prodi`
--
ALTER TABLE `prodi`
  MODIFY `id` bigint(20) UNSIGNED NOT NULL AUTO_INCREMENT, AUTO_INCREMENT=33;

--
-- AUTO_INCREMENT for table `rooms`
--
ALTER TABLE `rooms`
  MODIFY `id` int(10) UNSIGNED NOT NULL AUTO_INCREMENT, AUTO_INCREMENT=32;

--
-- AUTO_INCREMENT for table `schedules`
--
ALTER TABLE `schedules`
  MODIFY `id` int(10) UNSIGNED NOT NULL AUTO_INCREMENT, AUTO_INCREMENT=2129;

--
-- AUTO_INCREMENT for table `settings`
--
ALTER TABLE `settings`
  MODIFY `id` int(11) NOT NULL AUTO_INCREMENT, AUTO_INCREMENT=2;

--
-- AUTO_INCREMENT for table `teachs`
--
ALTER TABLE `teachs`
  MODIFY `id` int(10) UNSIGNED NOT NULL AUTO_INCREMENT, AUTO_INCREMENT=170;

--
-- AUTO_INCREMENT for table `timedays`
--
ALTER TABLE `timedays`
  MODIFY `id` int(10) UNSIGNED NOT NULL AUTO_INCREMENT;

--
-- AUTO_INCREMENT for table `times`
--
ALTER TABLE `times`
  MODIFY `id` int(10) UNSIGNED NOT NULL AUTO_INCREMENT, AUTO_INCREMENT=34;

--
-- AUTO_INCREMENT for table `time_not_available`
--
ALTER TABLE `time_not_available`
  MODIFY `id` int(10) UNSIGNED NOT NULL AUTO_INCREMENT, AUTO_INCREMENT=3;

--
-- AUTO_INCREMENT for table `users`
--
ALTER TABLE `users`
  MODIFY `id` int(10) UNSIGNED NOT NULL AUTO_INCREMENT, AUTO_INCREMENT=56;

--
-- Constraints for dumped tables
--

--
-- Constraints for table `schedules`
--
ALTER TABLE `schedules`
  ADD CONSTRAINT `schedules_days_id_foreign` FOREIGN KEY (`days_id`) REFERENCES `days` (`id`),
  ADD CONSTRAINT `schedules_rooms_id_foreign` FOREIGN KEY (`rooms_id`) REFERENCES `rooms` (`id`),
  ADD CONSTRAINT `schedules_teachs_id_foreign` FOREIGN KEY (`teachs_id`) REFERENCES `teachs` (`id`),
  ADD CONSTRAINT `schedules_times_id_foreign` FOREIGN KEY (`times_id`) REFERENCES `times` (`id`);

--
-- Constraints for table `teachs`
--
ALTER TABLE `teachs`
  ADD CONSTRAINT `teachs_courses_id_foreign` FOREIGN KEY (`courses_id`) REFERENCES `courses` (`id`),
  ADD CONSTRAINT `teachs_lecturers_id_foreign` FOREIGN KEY (`lecturers_id`) REFERENCES `lecturers` (`id`);

--
-- Constraints for table `timedays`
--
ALTER TABLE `timedays`
  ADD CONSTRAINT `timedays_days_id_foreign` FOREIGN KEY (`days_id`) REFERENCES `days` (`id`),
  ADD CONSTRAINT `timedays_times_id_foreign` FOREIGN KEY (`times_id`) REFERENCES `times` (`id`);

--
-- Constraints for table `time_not_available`
--
ALTER TABLE `time_not_available`
  ADD CONSTRAINT `time_not_available_days_id_foreign` FOREIGN KEY (`days_id`) REFERENCES `days` (`id`),
  ADD CONSTRAINT `time_not_available_lecturers_id_foreign` FOREIGN KEY (`lecturers_id`) REFERENCES `lecturers` (`id`),
  ADD CONSTRAINT `time_not_available_times_id_foreign` FOREIGN KEY (`times_id`) REFERENCES `times` (`id`);
COMMIT;

/*!40101 SET CHARACTER_SET_CLIENT=@OLD_CHARACTER_SET_CLIENT */;
/*!40101 SET CHARACTER_SET_RESULTS=@OLD_CHARACTER_SET_RESULTS */;
/*!40101 SET COLLATION_CONNECTION=@OLD_COLLATION_CONNECTION */;
